Entity,Code,Year,10 Mbits/s and over,2-10 Mbit/s,256 kbit/s - 2 Mbit/s
Afghanistan,AFG,2015,350,164,6553
Afghanistan,AFG,2016,500,131,8170
Afghanistan,AFG,2017,31,533,8618
Afghanistan,AFG,2018,144,734,15121
Afghanistan,AFG,2019,191,879,18613
Afghanistan,AFG,2020,360,867,25343
Albania,ALB,2012,14908,110522,34658
Albania,ALB,2013,16478,132052,34026
Albania,ALB,2014,14075,175153,18736
Albania,ALB,2015,14332,216274,12264
Albania,ALB,2016,44539,203226,18614
Albania,ALB,2017,61681,230178,11753
Albania,ALB,2018,103867,253144,4936
Albania,ALB,2019,178567,253369,4256
Albania,ALB,2020,342856,164489,1592
Albania,ALB,2021,461878,96332,1184
Albania,ALB,2022,510246,74361,678
Albania,ALB,2023,595903,36510,346
Albania,ALB,2024,676055,18428,152
Algeria,DZA,2014,198,542044,973977
Algeria,DZA,2015,531,763014,1073883
Algeria,DZA,2016,776774,978294,1104499
Algeria,DZA,2017,922811,1177546,1109910
Algeria,DZA,2018,864853,2194170,7999
Algeria,DZA,2019,1195973,2380075,6691
Algeria,DZA,2020,1214052,2570405,6002
Algeria,DZA,2021,4107407,63965,5663
Algeria,DZA,2022,4696512,6687,4495
Algeria,DZA,2023,5531128,7996,4591
Algeria,DZA,2024,6219371,9183,5852
Andorra,AND,2009,5039,4294,13608
Andorra,AND,2010,11238,2699,10565
Andorra,AND,2011,17426,1738,6599
Andorra,AND,2012,21667,1035,4203
Andorra,AND,2013,25543,412,1179
Andorra,AND,2014,28622,32,116
Andorra,AND,2015,30694,0,0
Andorra,AND,2016,32490,0,0
Andorra,AND,2017,34284,0,0
Andorra,AND,2018,35663,0,0
Andorra,AND,2019,36358,,
Andorra,AND,2021,37131,0,2268
Andorra,AND,2022,38644,0,2169
Andorra,AND,2023,39235,0,2600
Andorra,AND,2024,40535,,2364
Angola,AGO,2011,4,2147,8350
Angola,AGO,2012,6,2902,10780
Angola,AGO,2013,9,4001,14830
Angola,AGO,2014,1281,6765,30825
Angola,AGO,2015,3206,27294,13160
Angola,AGO,2016,8895,55728,20102
Angola,AGO,2017,12971,50754,33194
Angola,AGO,2018,17684,54261,35802
Angola,AGO,2019,19074,71603,28391
Angola,AGO,2020,40997,51057,29462
Angola,AGO,2021,54807,49482,30707
Angola,AGO,2022,57861,57839,22100
Angola,AGO,2023,33026,78014,26283
Angola,AGO,2024,97037,31629,8801
Antigua and Barbuda,ATG,2012,5,220,4005
Antigua and Barbuda,ATG,2013,5,1051,3094
Antigua and Barbuda,ATG,2014,,3831,6923
Antigua and Barbuda,ATG,2016,,,3655
Argentina,ARG,2014,520750,5387566,601142
Argentina,ARG,2015,575890,5656055,623882
Argentina,ARG,2016,1246141,5644433,254122
Argentina,ARG,2017,2699858,4778704,236515
Argentina,ARG,2018,4528809,3466070,339936
Argentina,ARG,2019,5673102,2713579,206338
Argentina,ARG,2020,6593596,2613474,179390
Argentina,ARG,2021,8575190,1567788,155013
Argentina,ARG,2022,9408211,1292866,119662
Argentina,ARG,2023,10057152,1110957,103438
Argentina,ARG,2024,10833100,789281,59641
Armenia,ARM,2011,530,34348,122785
Armenia,ARM,2012,14379,53582,138792
Armenia,ARM,2013,26349,112665,95406
Armenia,ARM,2014,45828,143033,84024
Armenia,ARM,2015,95887,187091,3341
Armenia,ARM,2016,118039,175912,5219
Armenia,ARM,2017,138059,171326,5934
Armenia,ARM,2018,166689,176290,4469
Armenia,ARM,2019,209306,172679,3719
Armenia,ARM,2020,259458,168843,2106
Armenia,ARM,2021,329286,136029,1306
Armenia,ARM,2022,420905,89334,542
Armenia,ARM,2023,473754,71706,416
Armenia,ARM,2024,551100,52619,241
Ascension,,2007,0,0,280
Ascension,,2008,0,0,292
Ascension,,2009,0,0,290
Ascension,,2010,,,307
Ascension,,2011,0,0,307
Ascension,,2012,0,0,316
Ascension,,2015,0,0,359
Ascension,,2016,0,0,377
Australia,AUS,2009,2476000,3188000,2381000
Australia,AUS,2010,4431000,4067000,1240000
Australia,AUS,2011,5199000,5115000,808000
Australia,AUS,2012,,4213000,609000
Australia,AUS,2013,,4159000,332000
Australia,AUS,2014,,3305000,175000
Australia,AUS,2015,,2183000,118000
Australia,AUS,2016,,2158000,92000
Australia,AUS,2017,3467306,,
Australia,AUS,2018,4794389,,
Australia,AUS,2019,6601864,,
Australia,AUS,2020,8106878,,
Australia,AUS,2021,8594932,,
Australia,AUS,2022,8730408,,
Australia,AUS,2023,8768366,,
Australia,AUS,2024,8799262,,
Austria,AUT,2011,759000,1316000,26000
Austria,AUT,2012,855000,1296000,20000
Austria,AUT,2013,985000,1217000,13000
Austria,AUT,2014,1139100,1209400,10500
Austria,AUT,2015,1312000,962800,180700
Austria,AUT,2016,1423300,937000,163000
Austria,AUT,2017,1468493,1038972,3636
Austria,AUT,2018,1751100,767100,3000
Austria,AUT,2019,1881617,636736,547
Austria,AUT,2020,2232663,371275,2062
Austria,AUT,2021,2330607,292592,1902
Austria,AUT,2022,2411690,238301,
Austria,AUT,2023,2474531,207308,
Austria,AUT,2024,2585000,155300,7600
Azerbaijan,AZE,2008,12000,3000,55800
Azerbaijan,AZE,2009,2000,5000,93000
Azerbaijan,AZE,2010,13064,23736,423200
Azerbaijan,AZE,2011,28353,100514,869468
Azerbaijan,AZE,2012,40237,167340,1072958
Azerbaijan,AZE,2013,98247,504029,1001082
Azerbaijan,AZE,2014,142828,698771,1056471
Azerbaijan,AZE,2015,153856,729391,1016209
Azerbaijan,AZE,2016,144293,685392,973977
Azerbaijan,AZE,2017,146609,737946,920659
Azerbaijan,AZE,2018,208714,831649,850550
Azerbaijan,AZE,2019,262307,979279,701428
Azerbaijan,AZE,2020,299321,1017692,678461
Azerbaijan,AZE,2021,421462,1134083,500100
Azerbaijan,AZE,2022,455093,1182095,459512
Azerbaijan,AZE,2023,1508290,409393,237017
Azerbaijan,AZE,2024,2016712,214778,17068
Bahamas,BHS,2015,61004,19879,
Bahamas,BHS,2016,63798,21330,
Bahamas,BHS,2017,70810,16058,
Bahamas,BHS,2018,67363,13845,
Bahamas,BHS,2019,68265,14030,
Bahamas,BHS,2021,83000,,
Bahamas,BHS,2022,84022,,
Bahamas,BHS,2023,95132,,
Bahamas,BHS,2024,101396,,
Bahrain,BHR,2012,7040,68031,98897
Bahrain,BHR,2013,17128,81772,76342
Bahrain,BHR,2015,77784,139173,36084
Bahrain,BHR,2016,111534,92350,28501
Bahrain,BHR,2017,149798,23820,7722
Bahrain,BHR,2018,115914,9669,733
Bahrain,BHR,2019,132620,8175,197
Bahrain,BHR,2020,144146,6691,176
Bahrain,BHR,2021,242130,5624,124
Bahrain,BHR,2022,270904,5057,101
Bahrain,BHR,2023,266518,2733,76
Bahrain,BHR,2024,271479,1533,51
Bangladesh,BGD,2009,100,1000,315599
Bangladesh,BGD,2010,120,1450,412999
Bangladesh,BGD,2011,150,1900,468000
Bangladesh,BGD,2012,814,5433,532722
Bangladesh,BGD,2013,25000,30500,1215443
Bangladesh,BGD,2014,60000,80500,1517500
Bangladesh,BGD,2015,562833,1272750,3057307
Bangladesh,BGD,2016,761660,4091773,1738963
Bangladesh,BGD,2017,836912,4670302,1794400
Bangladesh,BGD,2018,,,1916110
Bangladesh,BGD,2019,905983,5400707,1778810
Bangladesh,BGD,2020,7057079,2513205,482535
Bangladesh,BGD,2021,8296827,2450070,389784
Bangladesh,BGD,2022,9230385,2671954,242905
Bangladesh,BGD,2023,11773676,1759285,0
Bangladesh,BGD,2024,12024900,2015100,0
Barbados,BRB,2011,,,59796
Barbados,BRB,2012,,,58477
Barbados,BRB,2013,,,58006
Barbados,BRB,2014,2117,50480,133
Barbados,BRB,2016,66139,20643,105
Barbados,BRB,2017,80760,8580,0
Barbados,BRB,2018,80760,8580,0
Barbados,BRB,2019,102475,3814,514
Barbados,BRB,2021,102564,0,0
Barbados,BRB,2022,105825,0,0
Belarus,BLR,2011,83215,794578,1125883
Belarus,BLR,2012,121299,917355,1427277
Belarus,BLR,2013,115524,1172162,1439003
Belarus,BLR,2014,243112,1659756,684625
Belarus,BLR,2015,515002,2107276,281219
Belarus,BLR,2016,953134,1930375,184020
Belarus,BLR,2017,1538041,1515777,109468
Belarus,BLR,2018,1852251,1253198,96070
Belarus,BLR,2019,2059865,1092027,62977
Belarus,BLR,2020,2186146,1022487,46919
Belarus,BLR,2021,2299027,896863,42991
Belarus,BLR,2022,2422790,698848,3425
Belarus,BLR,2023,2563017,633352,2614
Belarus,BLR,2024,2715683,566477,2043
Belgium,BEL,2007,741843,1450516,286009
Belgium,BEL,2008,1111104,1498235,228825
Belgium,BEL,2009,1248986,1582576,211814
Belgium,BEL,2010,1935468,1367367,70270
Belgium,BEL,2011,2507026,977938,43875
Belgium,BEL,2012,2903710,735592,39894
Belgium,BEL,2013,3207379,582021,29993
Belgium,BEL,2014,3500194,484399,26608
Belgium,BEL,2015,3719242,381862,19945
Belgium,BEL,2016,3918350,339463,12496
Belgium,BEL,2017,4174709,200742,3521
Belgium,BEL,2018,4356917,140982,5052
Belgium,BEL,2019,4508697,72455,9555
Belgium,BEL,2020,4673615,55659,4936
Belgium,BEL,2021,4941415,32251,4320
Belgium,BEL,2022,5044223,24839,2780
Belgium,BEL,2023,5092150,21699,4995
Belize,BLZ,2009,,,815
Belize,BLZ,2010,,150,3100
Belize,BLZ,2011,,461,9101
Belize,BLZ,2012,,1289,8684
Belize,BLZ,2013,,2497,10171
Belize,BLZ,2015,,4014,12662
Belize,BLZ,2016,382,8089,9502
Belize,BLZ,2017,771,5056,12300
Belize,BLZ,2018,3268,15866,4417
Belize,BLZ,2019,29050,150,300
Benin,BEN,2007,0,,
Benin,BEN,2008,0,,1998
Benin,BEN,2009,0,,1791
Benin,BEN,2010,,,3000
Benin,BEN,2011,,,3895
Benin,BEN,2012,,,4997
Benin,BEN,2014,,,4278
Benin,BEN,2015,,842,4006
Benin,BEN,2017,6651,5225,16740
Benin,BEN,2018,6370,5167,15496
Benin,BEN,2019,7684,6464,11287
Benin,BEN,2020,927,16165,12889
Benin,BEN,2021,4324,14893,1462
Benin,BEN,2022,16750,3003,1309
Benin,BEN,2023,11650,9865,2598
Benin,BEN,2024,24557,10080,5480
Bermuda,BMU,2016,5055,17742,0
Bermuda,BMU,2017,6750,16058,0
Bermuda,BMU,2024,30760,1506,1
Bhutan,BTN,2009,0,0,3378
Bhutan,BTN,2010,0,0,8675
Bhutan,BTN,2011,0,0,13233
Bhutan,BTN,2012,0,0,16766
Bhutan,BTN,2013,0,0,20481
Bhutan,BTN,2014,0,0,24979
Bhutan,BTN,2015,6,78,27790
Bhutan,BTN,2016,8,94,16387
Bhutan,BTN,2017,17,104,16587
Bhutan,BTN,2018,60,247,10495
Bhutan,BTN,2019,70,276,8366
Bhutan,BTN,2020,727,618,1736
Bhutan,BTN,2022,885,2455,1594
Bhutan,BTN,2023,690,5679,4002
Bhutan,BTN,2024,350,19938,2540
Bolivia,BOL,2012,0,3951,106649
Bolivia,BOL,2013,,5208,136548
Bolivia,BOL,2014,15696,7803,149284
Bolivia,BOL,2015,19147,9518,152285
Bolivia,BOL,2016,39077,78609,169903
Bolivia,BOL,2017,40020,133196,206780
Bolivia,BOL,2018,41058,193728,269311
Bolivia,BOL,2019,,,176430
Bolivia,BOL,2020,,,149032
Bolivia,BOL,2021,,,164482
Bosnia and Herzegovina,BIH,2010,5000,118810,267092
Bosnia and Herzegovina,BIH,2011,7298,225685,131531
Bosnia and Herzegovina,BIH,2012,8054,298318,100404
Bosnia and Herzegovina,BIH,2013,71925,294484,83870
Bosnia and Herzegovina,BIH,2014,93970,401223,47212
Bosnia and Herzegovina,BIH,2015,122666,480208,32114
Bosnia and Herzegovina,BIH,2016,195585,435044,31839
Bosnia and Herzegovina,BIH,2017,333455,339280,27612
Bosnia and Herzegovina,BIH,2018,339725,346260,30381
Bosnia and Herzegovina,BIH,2019,400988,312245,32654
Bosnia and Herzegovina,BIH,2020,455071,288992,26361
Bosnia and Herzegovina,BIH,2021,485276,288377,24240
Bosnia and Herzegovina,BIH,2022,560183,297331,18007
Bosnia and Herzegovina,BIH,2023,756994,126894,21951
Bosnia and Herzegovina,BIH,2024,807596,101898,20509
Botswana,BWA,2014,,1625,14523
Botswana,BWA,2015,,2624,12591
Botswana,BWA,2016,350,16765,41943
Botswana,BWA,2017,630,8799,16626
Botswana,BWA,2018,474,8731,23384
Botswana,BWA,2019,1095,20078,27871
Botswana,BWA,2020,15833,50590,18419
Botswana,BWA,2021,2553,116317,14371
Botswana,BWA,2022,4255,100899,5420
Botswana,BWA,2023,14414,129673,305
Botswana,BWA,2024,18178,160797,
Brazil,BRA,2013,2502878,8968862,10714009
Brazil,BRA,2014,3819170,11239536,8909646
Brazil,BRA,2015,6965396,9972911,8552401
Brazil,BRA,2016,9413465,9664137,7783177
Brazil,BRA,2017,12176858,9998617,6732392
Brazil,BRA,2018,16248695,9871284,5113025
Brazil,BRA,2019,20906620,8124502,3875875
Brazil,BRA,2020,27375448,6041079,2928144
Brazil,BRA,2021,38413280,2730560,423220
Brazil,BRA,2022,42162900,1674037,229507
Brazil,BRA,2023,46045930,1121943,168254
Brazil,BRA,2024,50042304,866676,138581
British Virgin Islands,VGB,2016,492,3090,2636
British Virgin Islands,VGB,2017,147,2868,1988
British Virgin Islands,VGB,2018,4715,0,0
British Virgin Islands,VGB,2019,5929,0,0
British Virgin Islands,VGB,2020,6738,0,0
Brunei,BRN,2015,3919,21552,8954
Brunei,BRN,2016,6192,22985,6939
Brunei,BRN,2017,13809,,
Brunei,BRN,2018,17700,,
Brunei,BRN,2019,19317,,
Brunei,BRN,2020,70783,,295
Brunei,BRN,2021,79093,324,324
Brunei,BRN,2022,89884,302,302
Brunei,BRN,2023,92540,223,223
Brunei,BRN,2024,97844,146,1
Bulgaria,BGR,2008,385499,317244,115883
Bulgaria,BGR,2009,583224,342315,32666
Bulgaria,BGR,2010,816928,250429,20929
Bulgaria,BGR,2011,1077771,131930,14968
Bulgaria,BGR,2012,1219770,81748,4734
Bulgaria,BGR,2013,1322205,72915,1459
Bulgaria,BGR,2014,1417140,61112,2637
Bulgaria,BGR,2015,1554415,57806,2320
Bulgaria,BGR,2016,1634246,62606,738
Bulgaria,BGR,2017,1740584,55640,485
Bulgaria,BGR,2018,1860929,41955,1062
Bulgaria,BGR,2019,1982668,31859,245
Bulgaria,BGR,2020,2083886,30945,230
Bulgaria,BGR,2021,2223120,30123,344
Bulgaria,BGR,2022,2360174,26418,194
Bulgaria,BGR,2023,2492800,23132,117
Bulgaria,BGR,2024,2625638,16857,123
Burkina Faso,BFA,2007,,,6732
Burkina Faso,BFA,2008,,331,1577
Burkina Faso,BFA,2009,,399,2045
Burkina Faso,BFA,2010,,439,3711
Burkina Faso,BFA,2014,0,80,5328
Burkina Faso,BFA,2015,0,565,8789
Burkina Faso,BFA,2016,0,1369,11015
Burkina Faso,BFA,2017,0,2991,9370
Burkina Faso,BFA,2018,0,3385,10433
Burkina Faso,BFA,2019,0,3932,8083
Burkina Faso,BFA,2020,1303,10982,613
Burkina Faso,BFA,2021,4705,11521,65
Burkina Faso,BFA,2022,,,105
Burkina Faso,BFA,2023,96668,,44
Burkina Faso,BFA,2024,193817,,58
Burundi,BDI,2010,0,2,28
Burundi,BDI,2011,0,3,280
Burundi,BDI,2012,2,8,344
Burundi,BDI,2015,31,73,2524
Burundi,BDI,2016,41,125,2998
Burundi,BDI,2017,77,275,3462
Burundi,BDI,2018,88,674,3143
Burundi,BDI,2019,93,663,3071
Burundi,BDI,2020,142,958,2734
Burundi,BDI,2021,163,765,2613
Burundi,BDI,2022,176,879,2788
Burundi,BDI,2023,394,1198,1081
Cambodia,KHM,2015,30136,51865,1503
Cambodia,KHM,2016,51023,43653,2030
Cambodia,KHM,2017,85967,42127,1556
Cambodia,KHM,2018,141615,24378,207
Cambodia,KHM,2019,166653,17560,166
Cambodia,KHM,2020,219347,14247,178
Cambodia,KHM,2021,,290795,3666
Cambodia,KHM,2022,184309,323867,1654
Cambodia,KHM,2023,207348,394066,33132
Cambodia,KHM,2024,661702,30292,39251
Cameroon,CMR,2016,,318807,45974
Cameroon,CMR,2017,27922,335984,18452
Cameroon,CMR,2018,39610,338216,17987
Cameroon,CMR,2019,52198,326734,21997
Cameroon,CMR,2020,125526,560419,36634
Cameroon,CMR,2021,13804,31390,556064
Cameroon,CMR,2022,14968,32494,555704
Canada,CAN,2009,1957164,7031583,1339147
Canada,CAN,2010,2633351,7854023,696678
Canada,CAN,2011,3120667,7727927,428870
Canada,CAN,2012,4426357,6890242,373401
Canada,CAN,2013,6800018,4929532,365450
Canada,CAN,2014,8256000,4006000,307000
Canada,CAN,2015,9356045,3565622,191694
Canada,CAN,2016,10158837,3091852,135808
Canada,CAN,2017,11441512,2400707,81586
Canada,CAN,2018,12416384,1980851,45077
Canada,CAN,2019,13526982,1543018,72175
Canada,CAN,2020,14230586,1302512,39122
Canada,CAN,2021,14918244,1041354,73089
Canada,CAN,2022,15638116,713973,22412
Canada,CAN,2023,16224327,462780,24514
Canada,CAN,2024,16500000,400000,
Cape Verde,CPV,2012,8658,3357,7088
Cape Verde,CPV,2014,,12137,6939
Cape Verde,CPV,2015,9407,7161,
Cape Verde,CPV,2016,11342,4199,
Cape Verde,CPV,2017,14993,,
Cape Verde,CPV,2018,15657,,
Cape Verde,CPV,2019,20252,,
Cape Verde,CPV,2020,24839,,
Cape Verde,CPV,2021,30532,,
Cape Verde,CPV,2022,34135,,
Cape Verde,CPV,2023,37765,,
Cape Verde,CPV,2024,43593,,
Cayman Islands,CYM,2014,,15545,6425
Cayman Islands,CYM,2015,,5643,5327
Cayman Islands,CYM,2016,6509,6525,3354
Central African Republic,CAF,2010,,,0
Central African Republic,CAF,2015,0,139,1719
Central African Republic,CAF,2016,0,89,524
Central African Republic,CAF,2017,0,79,419
Central African Republic,CAF,2018,0,60,413
Central African Republic,CAF,2019,0,56,376
Chad,TCD,2011,0,0,0
Chad,TCD,2012,0,0,0
Chad,TCD,2013,0,0,0
Chad,TCD,2016,,,5126
Chad,TCD,2017,,,331
Chad,TCD,2018,0,0,334
Chad,TCD,2019,0,0,68
Chad,TCD,2020,0,0,0
Chad,TCD,2021,0,0,0
Chad,TCD,2022,0,0,0
Chad,TCD,2023,0,0,0
Chad,TCD,2024,0,0,0
Chile,CHL,2007,408,35330,
Chile,CHL,2008,541,311099,
Chile,CHL,2009,6009,375816,1272851
Chile,CHL,2010,134090,702735,952530
Chile,CHL,2011,267665,1002540,727860
Chile,CHL,2012,429282,1119892,604988
Chile,CHL,2013,536456,1157278,588922
Chile,CHL,2014,827555,1455652,206510
Chile,CHL,2015,1255268,1312656,151515
Chile,CHL,2016,1722918,1057239,124423
Chile,CHL,2017,2197273,807055,58064
Chile,CHL,2018,2621550,601585,27753
Chile,CHL,2019,2895009,514727,19932
Chile,CHL,2020,3371796,376884,15146
Chile,CHL,2021,4011141,259068,12917
Chile,CHL,2022,4377582,68473,10119
Chile,CHL,2023,4476922,34592,9117
Chile,CHL,2024,4670656,15560,4242
China,CHN,2011,14302000,117709000,16694000
China,CHN,2012,28020000,137194000,9969000
China,CHN,2014,82067000,112855000,5561000
China,CHN,2015,162780560,112138000,2110090
China,CHN,2016,295950180,25112844,1533990
China,CHN,2017,380841000,12777897,573100
China,CHN,2018,401138000,5915000,329000
China,CHN,2019,443887000,5031500,359900
China,CHN,2020,479342000,4098000,109500
China,CHN,2021,531874720,3808077,103797
China,CHN,2022,584279550,5260113,108718
China,CHN,2023,629963700,6229055,113657
China,CHN,2024,660855600,8865961,104339
Colombia,COL,2008,,31888,1441212
Colombia,COL,2009,,498541,1491365
Colombia,COL,2010,4195,714281,1878082
Colombia,COL,2011,22250,1273949,2000990
Colombia,COL,2012,54550,1521149,2317975
Colombia,COL,2013,140258,2317767,2028727
Colombia,COL,2014,194911,3216031,1617653
Colombia,COL,2015,501886,3915058,1108819
Colombia,COL,2016,858802,4424676,629490
Colombia,COL,2017,1667314,4377128,286590
Colombia,COL,2018,3568842,2980411,129290
Colombia,COL,2019,4429458,2329000,191394
Colombia,COL,2020,5574001,2032150,158621
Colombia,COL,2021,6689519,1694481,50168
Colombia,COL,2022,7506462,1151466,141385
Colombia,COL,2023,8148707,724786,40452
Colombia,COL,2024,8760179,335374,13814
Comoros,COM,2012,,72,
Comoros,COM,2015,,99,
Comoros,COM,2016,24,354,1256
Comoros,COM,2017,27,214,1256
Comoros,COM,2018,30,273,1321
Comoros,COM,2019,36,176,1071
Comoros,COM,2020,32,99,1057
Comoros,COM,2021,321,212,698
Comoros,COM,2022,984,355,491
Comoros,COM,2023,2207,643,449
Congo,COG,2009,0,,
Congo,COG,2010,0,,
Congo,COG,2011,0,,
Congo,COG,2021,,,380
Congo,COG,2022,25193,1113,
Congo,COG,2023,76757,1641,
Costa Rica,CRI,2006,,2964,55396
Costa Rica,CRI,2007,,3048,73719
Costa Rica,CRI,2008,,4405,97833
Costa Rica,CRI,2009,,17775,158743
Costa Rica,CRI,2010,165,71043,325054
Costa Rica,CRI,2011,179,124374,289122
Costa Rica,CRI,2012,2357,240918,204790
Costa Rica,CRI,2013,1808,71358,401267
Costa Rica,CRI,2014,5157,210955,283734
Costa Rica,CRI,2015,11256,256598,290802
Costa Rica,CRI,2016,39933,375441,220713
Costa Rica,CRI,2017,65474,474042,204525
Costa Rica,CRI,2018,197103,440366,197315
Costa Rica,CRI,2019,512245,231085,161404
Costa Rica,CRI,2020,516303,309675,166746
Costa Rica,CRI,2021,805679,230297,22791
Costa Rica,CRI,2022,941965,137551,26154
Costa Rica,CRI,2023,1040454,100640,8830
Costa Rica,CRI,2024,1154555,35812,4271
Cote d'Ivoire,CIV,2014,53599,26800,42947
Cote d'Ivoire,CIV,2015,45158,21785,42764
Cote d'Ivoire,CIV,2016,55759,28228,52393
Cote d'Ivoire,CIV,2017,3945,45323,93557
Cote d'Ivoire,CIV,2018,10815,53536,111567
Cote d'Ivoire,CIV,2019,21319,73723,121681
Cote d'Ivoire,CIV,2020,36258,98978,126134
Cote d'Ivoire,CIV,2021,69126,210675,55240
Cote d'Ivoire,CIV,2022,170321,170940,39221
Croatia,HRV,2010,28726,734669,40428
Croatia,HRV,2011,85349,726286,49641
Croatia,HRV,2012,100352,690838,99134
Croatia,HRV,2013,150417,695996,76513
Croatia,HRV,2014,212146,673432,66095
Croatia,HRV,2015,360866,608805,16544
Croatia,HRV,2016,545712,478469,19614
Croatia,HRV,2017,714490,355094,26297
Croatia,HRV,2018,824404,285090,18097
Croatia,HRV,2019,892005,247340,15428
Croatia,HRV,2020,848051,172816,10106
Croatia,HRV,2021,904041,135243,9205
Croatia,HRV,2022,913818,166892,9028
Croatia,HRV,2023,966496,142730,
Croatia,HRV,2024,1066720,80360,
Cuba,CUB,2017,478,3693,29365
Cuba,CUB,2018,1100,9292,88466
Cuba,CUB,2019,2299,16067,164366
Cuba,CUB,2020,2915,22226,206513
Cuba,CUB,2021,3594,59956,233771
Cuba,CUB,2022,3825,80034,235991
Cuba,CUB,2023,4172,98404,224846
Cuba,CUB,2024,4451,121152,212901
Curacao,CUW,2012,17917,15407,705
Curacao,CUW,2014,21522,17139,2
Curacao,CUW,2015,22000,18000,0
Curacao,CUW,2016,22050,21343,0
Curacao,CUW,2017,29279,17914,0
Curacao,CUW,2018,32919,16479,0
Curacao,CUW,2019,36770,16527,0
Curacao,CUW,2021,55258,3141,0
Curacao,CUW,2022,58000,3000,0
Curacao,CUW,2023,58240,193,0
Cyprus,CYP,2009,183,44334,131507
Cyprus,CYP,2010,9270,66640,118545
Cyprus,CYP,2011,16737,175983,19429
Cyprus,CYP,2012,26495,193370,717
Cyprus,CYP,2013,22198,206267,244
Cyprus,CYP,2014,39764,203718,129
Cyprus,CYP,2015,112955,147565,120
Cyprus,CYP,2016,116548,161797,138
Cyprus,CYP,2017,172619,122981,86
Cyprus,CYP,2018,227747,85673,42
Cyprus,CYP,2019,241593,84802,170
Cyprus,CYP,2020,323653,8422,5
Cyprus,CYP,2021,335492,4574,708
Cyprus,CYP,2022,346050,2419,474
Cyprus,CYP,2023,354574,1707,326
Cyprus,CYP,2024,361629,1158,219
Czechia,CZE,2009,508700,807900,38300
Czechia,CZE,2010,542000,941000,47000
Czechia,CZE,2011,701500,915000,47100
Czechia,CZE,2012,958120,785010,4960
Czechia,CZE,2013,1142490,671410,6440
Czechia,CZE,2014,1253260,624780,5870
Czechia,CZE,2015,2101924,822426,22276
Czechia,CZE,2016,2387230,665326,17414
Czechia,CZE,2017,2626714,508800,10577
Czechia,CZE,2018,2864725,350190,7920
Czechia,CZE,2019,3442914,291929,4771
Czechia,CZE,2020,3618911,223017,3498
Czechia,CZE,2021,3783495,156569,8782
Czechia,CZE,2022,3888139,128707,8416
Czechia,CZE,2023,3998853,96644,2464
Czechia,CZE,2024,4098519,72544,1497
Democratic Republic of Congo,COD,2021,,,31000
Democratic Republic of Congo,COD,2022,,,33000
Democratic Republic of Congo,COD,2023,,,23267
Denmark,DNK,2007,135183,1146853,578831
Denmark,DNK,2008,355345,1428336,181714
Denmark,DNK,2009,710387,1187327,99421
Denmark,DNK,2010,1004133,992839,67642
Denmark,DNK,2011,1409380,630815,54663
Denmark,DNK,2012,1627117,488581,55086
Denmark,DNK,2013,1890816,333943,47642
Denmark,DNK,2014,2038770,263202,39787
Denmark,DNK,2015,2176758,191372,36832
Denmark,DNK,2016,2245261,171578,14557
Denmark,DNK,2017,2335475,134209,13524
Denmark,DNK,2018,2382059,115337,10547
Denmark,DNK,2019,2400104,93804,9098
Denmark,DNK,2020,2476284,71633,8561
Denmark,DNK,2021,2529160,62069,8017
Denmark,DNK,2022,2560958,41566,7717
Denmark,DNK,2023,2529035,27461,8728
Denmark,DNK,2024,2543220,0,0
Djibouti,DJI,2009,0,36,1135
Djibouti,DJI,2010,,24,3141
Djibouti,DJI,2011,,30,3807
Djibouti,DJI,2013,,,11040
Djibouti,DJI,2017,535,3255,20599
Djibouti,DJI,2018,560,3404,21544
Djibouti,DJI,2019,598,3366,20452
Djibouti,DJI,2020,948,8987,15118
Djibouti,DJI,2021,760,5507,9331
Djibouti,DJI,2022,994,5366,9701
Djibouti,DJI,2023,1788,4873,10311
Dominica,DMA,2010,,2094,6232
Dominica,DMA,2015,114,15044,
Dominica,DMA,2016,1630,13637,
Dominica,DMA,2017,4155,11268,
Dominica,DMA,2018,4878,4461,
Dominica,DMA,2021,534,13609,
Dominica,DMA,2022,11892,2048,
Dominican Republic,DOM,2017,232845,305549,248064
Dominican Republic,DOM,2018,273306,391037,196283
Dominican Republic,DOM,2019,345032,468564,116287
Dominican Republic,DOM,2020,475469,462286,93503
Dominican Republic,DOM,2021,613905,465127,68858
Dominican Republic,DOM,2022,698316,446085,54418
Dominican Republic,DOM,2023,833451,380619,47615
Dominican Republic,DOM,2024,927702,312935,39441
Ecuador,ECU,2010,,42764,155126
Ecuador,ECU,2011,,211394,407526
Ecuador,ECU,2012,,309726,508992
Ecuador,ECU,2013,,857018,139016
Ecuador,ECU,2015,98747,809879,578966
Ecuador,ECU,2016,150824,1050465,260127
Ecuador,ECU,2017,207419,1355417,215770
Ecuador,ECU,2018,483716,1355052,114839
Ecuador,ECU,2019,830649,1177317,84493
Ecuador,ECU,2020,1427476,845819,73628
Ecuador,ECU,2021,1827680,565546,87346
Ecuador,ECU,2022,2007741,415009,270955
Ecuador,ECU,2023,2408944,320097,159979
Ecuador,ECU,2024,2849331,178750,99635
Egypt,EGY,2009,185,78053,967554
Egypt,EGY,2010,257,110149,1339498
Egypt,EGY,2011,513,156835,1686276
Egypt,EGY,2012,524,267113,2021136
Egypt,EGY,2013,676,545856,2129731
Egypt,EGY,2014,1543.43,701678.5,2364656
Egypt,EGY,2015,2513,959859,2864038
Egypt,EGY,2016,100620,1336287,3032258
Egypt,EGY,2017,434411.38,1491653.5,3307807
Egypt,EGY,2018,967596.6,4129492.8,1529331.6
Egypt,EGY,2019,6948356,406894,217898
Egypt,EGY,2020,9334861,246,0.54
Egypt,EGY,2021,10835750,108.5,6.5
Egypt,EGY,2022,12031269,12,7.8
Egypt,EGY,2023,12443426,17,7
Egypt,EGY,2024,13619943,18.55,7.27
El Salvador,SLV,2014,415,131187,185030
El Salvador,SLV,2015,1040,181360,170601
El Salvador,SLV,2016,1684,202461,154259
El Salvador,SLV,2017,5343,321850,124058
El Salvador,SLV,2018,5178,381265,105767
El Salvador,SLV,2019,41468,453755,29781
El Salvador,SLV,2020,74572,436460,21110
El Salvador,SLV,2021,121487,424464,14797
El Salvador,SLV,2022,234899,358856,9333
El Salvador,SLV,2023,510364,132044,5962
El Salvador,SLV,2024,481895,75598,6121
Equatorial Guinea,GNQ,2015,,228,3394
Equatorial Guinea,GNQ,2016,,197,464
Equatorial Guinea,GNQ,2017,,16,119
Equatorial Guinea,GNQ,2018,,213,435
Equatorial Guinea,GNQ,2021,18,1659,0
Equatorial Guinea,GNQ,2022,17,1790,9
Eritrea,ERI,2012,0,0,14
Eritrea,ERI,2013,0,0,16
Eritrea,ERI,2016,,,500
Estonia,EST,2009,30522,153192,117378
Estonia,EST,2010,40125,178346,117852
Estonia,EST,2011,56149,191463,84871
Estonia,EST,2012,77906,180343,76000
Estonia,EST,2013,184949,112923,60769
Estonia,EST,2014,214930,114036,42043
Estonia,EST,2015,259961,68986,61328
Estonia,EST,2016,301832,67535,45111
Estonia,EST,2017,343032,44705,40716
Estonia,EST,2018,375534,30500,35139
Estonia,EST,2019,398729,21411,29000
Estonia,EST,2020,412437,18025,25216
Estonia,EST,2021,460080,17456,19968
Estonia,EST,2022,511119,25163,
Estonia,EST,2023,461688,20303,
Estonia,EST,2024,463443,17547,
Eswatini,SWZ,2007,,0,49
Eswatini,SWZ,2008,,3,85
Eswatini,SWZ,2009,0,,
Eswatini,SWZ,2010,0,67,1903
Eswatini,SWZ,2011,0,628,2150
Eswatini,SWZ,2012,3,826,2600
Eswatini,SWZ,2022,11222,12541,2874
Eswatini,SWZ,2023,16757,14184,3066
Eswatini,SWZ,2024,16105,12785,2262
Ethiopia,ETH,2014,141385,235643,94257
Ethiopia,ETH,2015,148040,245643,104257
Ethiopia,ETH,2016,164100,265643,129257
Ethiopia,ETH,2017,1942,13900,47108
Ethiopia,ETH,2021,19000,467000,1800
Ethiopia,ETH,2022,29757,534569,1880
Ethiopia,ETH,2023,34228,652576,1469
Ethiopia,ETH,2024,35736,747276,1314
Falkland Islands,FLK,2010,,1,1173
Falkland Islands,FLK,2011,,1,1208
Falkland Islands,FLK,2012,,4,1224
Falkland Islands,FLK,2013,,4,1291
Falkland Islands,FLK,2014,,4,1408
Faroe Islands,FRO,2010,,13815,2549
Faroe Islands,FRO,2011,2377,11910,1553
Faroe Islands,FRO,2012,3483,11598,1243
Faroe Islands,FRO,2014,5503,11227,633
Faroe Islands,FRO,2015,11795,5473,323
Faroe Islands,FRO,2016,13619,3967,186
Faroe Islands,FRO,2017,15313,2550,178
Faroe Islands,FRO,2018,15963,2094,124
Faroe Islands,FRO,2019,16469,1614,97
Faroe Islands,FRO,2020,17099,1270,74
Fiji,FJI,2018,8963,3441,201
Fiji,FJI,2019,10145,3166,6
Fiji,FJI,2020,10953,2085,0
Fiji,FJI,2023,10460,5220,1227
Fiji,FJI,2024,9685,5814,1220
Finland,FIN,2008,162000,809000,648000
Finland,FIN,2009,250000,704000,611000
Finland,FIN,2010,512000,667000,380000
Finland,FIN,2011,665100,741300,199600
Finland,FIN,2012,986000,546500,121100
Finland,FIN,2013,1110400,497100,74000
Finland,FIN,2014,1286300,419000,53200
Finland,FIN,2015,1341155,352337,36405
Finland,FIN,2016,1401000,281200,29800
Finland,FIN,2017,1446000,264000,
Finland,FIN,2018,1620000,117000,
Finland,FIN,2019,1714000,83000,
Finland,FIN,2020,1788000,58000,
Finland,FIN,2021,1824000,40000,
Finland,FIN,2022,1882000,28000,
Finland,FIN,2023,1963000,16000,
Finland,FIN,2024,2039000,10000,
France,FRA,2012,20838000,1998000,570000
France,FRA,2013,22943000,1510000,355000
France,FRA,2014,23609000,1444000,317000
France,FRA,2015,24832000,1148000,223000
France,FRA,2016,26154000,765000,81000
France,FRA,2017,26944000,600000,17000
France,FRA,2018,27224000,580000,8500
France,FRA,2019,28290000,556000,6900
France,FRA,2020,29248000,814000,7000
France,FRA,2021,30147000,688000,0
France,FRA,2022,30776000,529000,0
France,FRA,2023,31283000,390000,
French Polynesia,PYF,2012,0,7854,33536
French Polynesia,PYF,2013,0,12068,34317
French Polynesia,PYF,2014,0,16249,33491
French Polynesia,PYF,2015,155,17972,33936
French Polynesia,PYF,2016,435,38932,16389
French Polynesia,PYF,2017,1043,40584,12145
French Polynesia,PYF,2018,3142,47042,11161
French Polynesia,PYF,2021,26359,45263,3151
French Polynesia,PYF,2022,32076,43142,3048
French Polynesia,PYF,2023,29056,38024,2288
Gabon,GAB,2011,,158,
Gabon,GAB,2014,,883,
Gabon,GAB,2017,13691,,
Gabon,GAB,2018,8717,12393,
Gabon,GAB,2019,13505,7157,
Gabon,GAB,2020,37726,6837,44
Gabon,GAB,2021,57897,5082,38
Gabon,GAB,2022,78346,1948,54
Gabon,GAB,2023,98039,660,20
Gabon,GAB,2024,119087,54,40
Gambia,GMB,2015,,87,3486
Gambia,GMB,2016,,105,3645
Gambia,GMB,2018,443,1330,2660
Georgia,GEO,2010,167,33266,144057
Georgia,GEO,2011,1615,55178,178249
Georgia,GEO,2012,124570,133857,178141
Georgia,GEO,2013,194058,140423,132585
Georgia,GEO,2014,229087,218371,153368
Georgia,GEO,2015,296902,315119,23623
Georgia,GEO,2016,367096,297637,16305
Georgia,GEO,2017,518627,245766,11794
Georgia,GEO,2018,655322,194727,7257
Georgia,GEO,2019,781318,150362,5374
Georgia,GEO,2020,835426,128052,4877
Georgia,GEO,2021,901506,103738,4241
Georgia,GEO,2022,973465,97910,3828
Georgia,GEO,2023,1016213,96279,3432
Georgia,GEO,2024,1057998,97411,2723
Germany,DEU,2007,6000000,,
Germany,DEU,2008,7019527,12680436,2943673
Germany,DEU,2009,7730005,13920180,3241615
Germany,DEU,2010,7971260,14771645,3346895
Germany,DEU,2011,8509761,15418831,3257224
Germany,DEU,2012,15128771,11431971,1793543
Germany,DEU,2013,15841417,11242466,1570078
Germany,DEU,2014,16734612,11582607,1255599
Germany,DEU,2015,21856000,7897000,954000
Germany,DEU,2016,25161900,6000000,700000
Germany,DEU,2017,27852460,4961899,417940.56
Germany,DEU,2018,30074992,3805960.2,271081.2
Germany,DEU,2019,32281432,2751962.2,158022.56
Germany,DEU,2020,33871244,2121151.5,222907.75
Germany,DEU,2021,34797960,1877612,204991
Germany,DEU,2022,35832644,1419374,266106
Germany,DEU,2023,37078564,1118972,170893
Germany,DEU,2024,37749748,672000,139928
Ghana,GHA,2009,130,149,25667
Ghana,GHA,2010,27,766,49340
Ghana,GHA,2011,35,881,54767
Ghana,GHA,2012,40,886,64436
Ghana,GHA,2021,0,0,0
Ghana,GHA,2022,0,0,0
Ghana,GHA,2023,0,0,0
Ghana,GHA,2024,0,0,0
Gibraltar,GIB,2015,8805,6735,37
Gibraltar,GIB,2016,15239,1165,0
Gibraltar,GIB,2017,17373,0,0
Gibraltar,GIB,2018,18979,0,0
Gibraltar,GIB,2019,19497,1,0
Gibraltar,GIB,2020,21009,0,0
Gibraltar,GIB,2021,22062,0,0
Gibraltar,GIB,2022,22932,,
Greece,GRC,2009,667133,1136219,48523
Greece,GRC,2010,1218063,1011589,296
Greece,GRC,2011,1384751,1078560,171
Greece,GRC,2012,1552188,1133144,
Greece,GRC,2013,1858767,1051302,
Greece,GRC,2014,2365317,785701,
Greece,GRC,2015,2797942,577428,397
Greece,GRC,2016,3177952,436659,418
Greece,GRC,2017,3497969,279926,368
Greece,GRC,2018,3789000,172482,382
Greece,GRC,2019,4096945,14995,338
Greece,GRC,2020,4246884,9858,284
Greece,GRC,2021,4426210,8651,229
Greece,GRC,2022,4461032,8042,279
Greece,GRC,2023,4485453,6255,213
Greece,GRC,2024,4487459,1385,117
Greenland,GRL,2007,0,20,60
Greenland,GRL,2008,0,20,60
Greenland,GRL,2009,3,25,60
Greenland,GRL,2017,5005,6874,304
Greenland,GRL,2018,6988,6296,208
Greenland,GRL,2019,7935,6562,141
Greenland,GRL,2020,8813,6732,112
Greenland,GRL,2021,9834,6872,75
Grenada,GRD,2016,8476,3537,8194
Grenada,GRD,2017,1275,10762,10300
Grenada,GRD,2020,24029,7923,
Grenada,GRD,2021,30476,,
Grenada,GRD,2022,34802,0,0
Guatemala,GTM,2023,795859,115921,9112
Guatemala,GTM,2024,894120,81310,7087
Guinea-Bissau,GNB,2015,0,0,190
Guinea-Bissau,GNB,2016,,,165
Guinea-Bissau,GNB,2017,,,224
Guinea-Bissau,GNB,2018,8,22,1174
Guinea-Bissau,GNB,2019,6,131,1090
Guinea-Bissau,GNB,2020,12,1865,506
Guinea-Bissau,GNB,2021,16,1830,1457
Guinea-Bissau,GNB,2022,24,3013,1578
Guinea-Bissau,GNB,2023,22,3988,2675
Guinea-Bissau,GNB,2024,32,4899,3568
Guyana,GUY,2007,0,0,2362
Guyana,GUY,2008,0,0,5084
Guyana,GUY,2009,0,0,6814
Guyana,GUY,2010,0,0,11184
Guyana,GUY,2011,0,18,19999
Guyana,GUY,2013,,25,36877
Guyana,GUY,2015,502,,
Guyana,GUY,2016,5084,17131,
Guyana,GUY,2017,10032,13336,41521
Honduras,HND,2013,583,23268,40727
Honduras,HND,2014,937,75769,81146
Honduras,HND,2015,1274,87099,109006
Honduras,HND,2016,3492,126176,90718
Honduras,HND,2017,7454,155132,75705
Honduras,HND,2018,12796,265068,76997
Honduras,HND,2019,86536,236724,67117
Honduras,HND,2020,168835,161950,66131
Honduras,HND,2021,253005,112994,55458
Honduras,HND,2022,312689,108913,39834
Honduras,HND,2023,339851,96175,28316
Honduras,HND,2024,379790,91869,24066
Hong Kong,HKG,2009,786651,269432,966677
Hong Kong,HKG,2010,821120,281283,997593
Hong Kong,HKG,2011,1935230,227340,32224
Hong Kong,HKG,2012,2039980,160303,27864
Hong Kong,HKG,2013,2071872,121976,26449
Hong Kong,HKG,2014,1925479,355796,0
Hong Kong,HKG,2015,2018073,329760,0
Hong Kong,HKG,2016,2150594,475434,0
Hong Kong,HKG,2017,2213354,444714,0
Hong Kong,HKG,2018,2695369,19310,0
Hong Kong,HKG,2019,2787150,17640,0
Hong Kong,HKG,2020,2870661,14925,0
Hong Kong,HKG,2021,2921398,13980,0
Hong Kong,HKG,2022,2969803,12963,0
Hong Kong,HKG,2023,2956015,12443,0
Hong Kong,HKG,2024,2974333,11829,0
Hungary,HUN,2008,103852,961732,530919
Hungary,HUN,2009,325615,1182427,274890
Hungary,HUN,2010,557531,1236559,263728
Hungary,HUN,2011,1032143,926044,249905
Hungary,HUN,2012,1346751,738825,195513
Hungary,HUN,2013,1966897,355764,154971
Hungary,HUN,2014,2116217,372753,91567
Hungary,HUN,2015,2335669,302351,80774
Hungary,HUN,2016,2499004,247982,67537
Hungary,HUN,2017,2697295,202916,56374
Hungary,HUN,2018,2872972,163918,42659
Hungary,HUN,2019,3033819,121371,34499
Hungary,HUN,2020,3107304,124957,33047
Hungary,HUN,2021,3316103,59735,6298
Hungary,HUN,2022,3477067,55835,5144
Hungary,HUN,2023,3521108,38580,3980
Hungary,HUN,2024,3604046,25713,2881
Iceland,ISL,2008,14939,55768,28055
Iceland,ISL,2009,40306,40303,17253
Iceland,ISL,2010,58883,28960,7605
Iceland,ISL,2011,77493,15252,0
Iceland,ISL,2012,79504,9619,
Iceland,ISL,2013,112407,3419,
Iceland,ISL,2014,115793,3854,
Iceland,ISL,2015,123167,1028,241
Iceland,ISL,2016,126730,879,414
Iceland,ISL,2017,133906,501,217
Iceland,ISL,2018,137562,268,159
Iceland,ISL,2019,138929,194,118
Iceland,ISL,2020,141600,129,87
Iceland,ISL,2021,143017,66,41
Iceland,ISL,2022,142210,74,50
Iceland,ISL,2023,144963,47,32
Iceland,ISL,2024,147568,30,21
India,IND,2015,1381917,8493949,6749703
India,IND,2016,2437946,9178709,7036657
India,IND,2017,8516834,8142170,1197020
India,IND,2018,9650039,8228848,291113
India,IND,2019,12269953,6562013,324592
India,IND,2020,12671981,3268739,6807706
India,IND,2021,24923188,2130534,506279
India,IND,2022,32033020,1364274,133159
India,IND,2023,38444360,847250,188391
Indonesia,IDN,2017,2684228,780959,2681131
Indonesia,IDN,2018,4270321,615969,3987826
Indonesia,IDN,2019,8364230,570757,1349377
Indonesia,IDN,2020,8767431,677042,1355580
Indonesia,IDN,2021,9598994,117413,2703009
Indonesia,IDN,2022,11691381,593594,1158881
Indonesia,IDN,2023,9202270,1555786,106145
Indonesia,IDN,2024,12759625,1137536,56021
Iran,IRN,2011,,,1772867
Iran,IRN,2014,89310,697343,
Iran,IRN,2015,,1438915,5358567
Iran,IRN,2016,371188,2572858,4664514
Iran,IRN,2017,1254934,3363433,3981582
Iran,IRN,2018,1987861,3762770,4055492
Iran,IRN,2019,1474870,2221128,4930184
Iran,IRN,2020,2891431,4161096,2511668
Iran,IRN,2021,3967283,4649152,2058464
Iran,IRN,2022,4846999,4896288,1187846
Iran,IRN,2023,5817239,4574824,499642
Iran,IRN,2024,6990062,3638013,415349
Iraq,IRQ,2008,,,50
Iraq,IRQ,2009,,,50
Iraq,IRQ,2010,,,15
Iraq,IRQ,2017,429191,1287573,2575146
Iraq,IRQ,2018,449232.8,1347698.4,2695396.8
Iraq,IRQ,2019,455905,1367716,2735432
Iraq,IRQ,2020,625410,1876229,3752459
Iraq,IRQ,2021,638640,1915918,3831836
Iraq,IRQ,2022,638640,1915918,3831836
Iraq,IRQ,2023,776682,2330048,4660095
Iraq,IRQ,2024,6900929,1217811,0
Ireland,IRL,2008,45394,439757,406092
Ireland,IRL,2009,88108,545200,343073
Ireland,IRL,2010,135373,729745,154846
Ireland,IRL,2011,305604.78,584946.1,103116.08
Ireland,IRL,2012,350628,681176,80278
Ireland,IRL,2013,635124,494217,59871
Ireland,IRL,2014,802602,408498,47658
Ireland,IRL,2015,900007,377515,32088
Ireland,IRL,2016,1085380,256329,18486
Ireland,IRL,2017,1178098,209073,11627
Ireland,IRL,2018,1250022,172128,8010
Ireland,IRL,2019,1320671,135133,6745
Ireland,IRL,2020,1399440,107418,9615
Ireland,IRL,2021,1486939,80598,9460
Ireland,IRL,2022,1540604,65976,4929
Ireland,IRL,2023,1603579,53667,
Ireland,IRL,2024,1658153,39342,
Israel,ISR,2011,789192,300645,789192
Israel,ISR,2016,,,0
Israel,ISR,2017,,,0
Israel,ISR,2018,,,0
Israel,ISR,2019,2434000,46592,0
Israel,ISR,2020,2563167,38911,0
Israel,ISR,2021,2656753,0,0
Israel,ISR,2022,,0,0
Israel,ISR,2023,2724663,,
Israel,ISR,2024,,2739481,
Italy,ITA,2008,883639,6753301,3639322
Italy,ITA,2009,969776,8454309,2858364
Italy,ITA,2010,1111205,9435083,2551740
Italy,ITA,2011,1105135,10593200,1728538
Italy,ITA,2012,1758374,10311044,1411146
Italy,ITA,2013,2348967,10178920,1070245
Italy,ITA,2014,3155079,11039772,178993
Italy,ITA,2015,4195615,10516982,187574
Italy,ITA,2016,8729892,6744459,88928
Italy,ITA,2017,11158916,5303038,124423
Italy,ITA,2018,12902689,4149693,105519.17
Italy,ITA,2019,13901801,3205182,363506
Italy,ITA,2020,15399186,2448757,280844
Italy,ITA,2021,16811704,1784081,90717
Italy,ITA,2022,17574172,989790,32056
Italy,ITA,2023,18527996,402824,14452
Italy,ITA,2024,18633876,214489,11257
Jamaica,JAM,2015,89072,128411,11407
Jamaica,JAM,2016,147868,129114,9086
Jamaica,JAM,2017,154807,77221,7092
Jamaica,JAM,2018,195436,83666,5654
Jamaica,JAM,2019,227842,86253,3812
Jamaica,JAM,2020,351457,31600,2546
Jamaica,JAM,2021,383524,28611,1365
Jamaica,JAM,2022,403185,19673,1883
Jamaica,JAM,2023,438245,8986,1035
Jamaica,JAM,2024,448649,3934,1163
Japan,JPN,2011,30729774,3288421,878756
Japan,JPN,2012,31596718,2851667,836114
Japan,JPN,2013,32734788,2473940,628670
Japan,JPN,2014,33622230,2601186,557685
Japan,JPN,2015,34828536,2453658,519759
Japan,JPN,2016,36029736,2231170,416949
Japan,JPN,2017,36836540,2105138,386607
Japan,JPN,2018,37920400,1981512,337730
Japan,JPN,2019,39050430,1848874,292896
Japan,JPN,2020,40810544,1693207,163869
Japan,JPN,2021,42081360,1641993,136842
Japan,JPN,2022,42923012,1546121,105655
Japan,JPN,2023,45157304,1456833,82589
Jordan,JOR,2007,,0,
Jordan,JOR,2008,,125,128333
Jordan,JOR,2009,,1255,165194
Jordan,JOR,2010,,18944,174345
Jordan,JOR,2011,1211,19500,175219
Jordan,JOR,2012,11901,63960,110637
Jordan,JOR,2013,10505,62980,132047
Jordan,JOR,2014,33902,212388,105493
Jordan,JOR,2015,132062,78546,99118
Jordan,JOR,2016,152394,116630,28300
Jordan,JOR,2017,177144,140031,14750
Jordan,JOR,2018,224341,171627,3628
Jordan,JOR,2019,236781,219506,1208
Jordan,JOR,2020,355433,273879,1233
Jordan,JOR,2021,455821,258083,846
Jordan,JOR,2022,562725,232848,656
Jordan,JOR,2023,631703,172844,487
Jordan,JOR,2024,655854,154641,287
Kazakhstan,KAZ,2009,10571,385857,132143
Kazakhstan,KAZ,2012,307863,720799,470195
Kazakhstan,KAZ,2013,680792,903830,279301
Kazakhstan,KAZ,2014,857063,936034,264203
Kazakhstan,KAZ,2015,1010600,767100,271600
Kazakhstan,KAZ,2016,1274577,870253,205071
Kazakhstan,KAZ,2017,1424400,987300,71300
Kazakhstan,KAZ,2018,1276400,1020800,67400
Kazakhstan,KAZ,2019,1367700,1006100,52700
Kazakhstan,KAZ,2020,1392500,1007510,45800
Kazakhstan,KAZ,2021,1510713,1071451,45104
Kazakhstan,KAZ,2022,1947019,802932,21343
Kazakhstan,KAZ,2023,2285110,627320,4070
Kazakhstan,KAZ,2024,2615814,533140,5046
Kenya,KEN,2010,0,5,4151
Kenya,KEN,2011,0,24,27657
Kenya,KEN,2012,0,44,31503
Kenya,KEN,2013,0,482,36853
Kenya,KEN,2014,0,2272,86050
Kenya,KEN,2015,0,103746,31361
Kenya,KEN,2016,0,64398,64836
Kenya,KEN,2017,,173672,114631
Kenya,KEN,2018,,273746,97752
Kenya,KEN,2019,202027,278463,10693
Kenya,KEN,2020,269097,390351,14743
Kenya,KEN,2021,378408,397561,13027
Kenya,KEN,2022,312125,476023,12873
Kenya,KEN,2023,683091,625984,12877
Kenya,KEN,2024,1072253,611049,16578
Kiribati,KIR,2015,0,2,115
Kiribati,KIR,2016,1,56,
Kiribati,KIR,2017,1,10,65
Kiribati,KIR,2018,2,56,26
Kiribati,KIR,2019,,63,68
Kiribati,KIR,2020,3,92,89
Kiribati,KIR,2021,5,57,49
Kiribati,KIR,2022,5,61,24
Kiribati,KIR,2023,2,33,18
Kiribati,KIR,2024,6,34,7
Kuwait,KWT,2015,11087,32225,11414
Kuwait,KWT,2016,13881,64583,22926
Kuwait,KWT,2017,38214,55668,23798
Kuwait,KWT,2018,40428,41236,22157
Kuwait,KWT,2019,40723,32253,11290
Kuwait,KWT,2020,39060,30413,4475
Kuwait,KWT,2021,40299,25540,4625
Kuwait,KWT,2022,40937,18927,2704
Kuwait,KWT,2023,35402,12042,1605
Kyrgyzstan,KGZ,2012,19351,6530,22233
Kyrgyzstan,KGZ,2013,14065,43943,77877
Kyrgyzstan,KGZ,2015,105739,59374,46408
Kyrgyzstan,KGZ,2016,119374,93643,27855
Kyrgyzstan,KGZ,2017,128799,101786,27428
Kyrgyzstan,KGZ,2018,69662,158296,22654
Kyrgyzstan,KGZ,2019,73547,174988,20556
Kyrgyzstan,KGZ,2021,214139,81079,7105
Kyrgyzstan,KGZ,2022,300853,82675,6333
Kyrgyzstan,KGZ,2023,375715,74710,5571
Kyrgyzstan,KGZ,2024,544802,8948,6540
Laos,LAO,2007,,,1139
Laos,LAO,2008,,,2349
Laos,LAO,2009,,,3960
Laos,LAO,2010,,87,7107
Laos,LAO,2011,,102,6200
Laos,LAO,2012,,96,7278
Laos,LAO,2013,4142,1258,8681
Laos,LAO,2014,33,2818,9465
Laos,LAO,2015,33,,9465
Laos,LAO,2016,496,8399,15531
Laos,LAO,2017,799,14200,12218
Laos,LAO,2018,1330,27864,16185
Laos,LAO,2019,3323,66110,10050
Laos,LAO,2020,6830,97860,8898
Laos,LAO,2021,16813,113264,8692
Laos,LAO,2022,60016,60014,60015
Laos,LAO,2023,69501,69501,69502
Latvia,LVA,2013,302000,150300,
Latvia,LVA,2014,355042,133800,11122
Latvia,LVA,2015,390000,104000,8033
Latvia,LVA,2016,410565,101333,7255
Latvia,LVA,2017,411400,108868,5954
Latvia,LVA,2018,421393,100038,4564
Latvia,LVA,2019,415267,89697,3960
Latvia,LVA,2020,407703,79127,3739
Latvia,LVA,2021,415185,71059,3559
Latvia,LVA,2022,428464,60410,0
Latvia,LVA,2023,435776,53550,0
Latvia,LVA,2024,462841,19246,0
Lebanon,LBN,2015,480158,604360,198740
Lebanon,LBN,2019,50000,320000,50000
Lebanon,LBN,2020,74070,332500,25500
Lesotho,LSO,2012,7,19,1425
Lesotho,LSO,2014,303,1275,
Lesotho,LSO,2015,,1193,
Lesotho,LSO,2021,7998,0,0
Lesotho,LSO,2022,9088,0,0
Lesotho,LSO,2023,8870,0,0
Lesotho,LSO,2024,8869,0,0
Libya,LBY,2016,200,68720,100000
Libya,LBY,2021,0,,
Libya,LBY,2022,0,186882,139519
Liechtenstein,LIE,2014,12900,2249,369
Liechtenstein,LIE,2015,13308,2150,238
Liechtenstein,LIE,2016,13893,2027,15
Liechtenstein,LIE,2017,15165,1080,8
Liechtenstein,LIE,2018,14961,1730,21
Liechtenstein,LIE,2019,16133,1008,32
Liechtenstein,LIE,2020,17466,564,20
Liechtenstein,LIE,2021,18321,225,8
Liechtenstein,LIE,2022,19129,107,2
Liechtenstein,LIE,2023,19549,15,0
Liechtenstein,LIE,2024,19922,15,0
Lithuania,LTU,2009,163319,238663,141071
Lithuania,LTU,2010,272861,237048,85458
Lithuania,LTU,2011,356297,218522,45939
Lithuania,LTU,2012,409024,193542,37739
Lithuania,LTU,2013,500358,147847,15963
Lithuania,LTU,2014,582653,200246,18964
Lithuania,LTU,2015,634771,180937,17590
Lithuania,LTU,2016,675484,170018,12259
Lithuania,LTU,2017,675985,117739,5045
Lithuania,LTU,2018,746013,40554,2176
Lithuania,LTU,2019,762705,26250,1464
Luxembourg,LUX,2009,12515,147485,
Luxembourg,LUX,2010,45600,109703,10950
Luxembourg,LUX,2012,71866,98207,578
Luxembourg,LUX,2013,85955,90544,0
Luxembourg,LUX,2014,104709,81948,0
Luxembourg,LUX,2015,121800,73500,0
Luxembourg,LUX,2016,140469,62631,0
Luxembourg,LUX,2017,165900,48700,0
Luxembourg,LUX,2018,224300,36300,0
Luxembourg,LUX,2019,231700,26300,0
Luxembourg,LUX,2020,235188,,0
Luxembourg,LUX,2021,243560,,0
Luxembourg,LUX,2022,250395,0,0
Luxembourg,LUX,2023,255260,0,0
Luxembourg,LUX,2024,271351,0,0
Macao,MAC,2008,11416,78414,27093
Macao,MAC,2009,18830,84475,18009
Macao,MAC,2010,28419,84649,13385
Macao,MAC,2011,35811,89009,7614
Macao,MAC,2012,45000,93000,6084
Macao,MAC,2013,54818,85702,4451
Macao,MAC,2014,74453,83393,3559
Macao,MAC,2015,88539,78757,2643
Macao,MAC,2021,196365,9275,13
Macao,MAC,2022,205702,2823,11
Macao,MAC,2023,210975,872,13
Macao,MAC,2024,214964,64,9
Madagascar,MDG,2015,221,11674,11799
Madagascar,MDG,2016,266,14238,11881
Madagascar,MDG,2017,3858,17837,3367
Madagascar,MDG,2018,7583,18136,1492
Madagascar,MDG,2021,20452,9645,836
Madagascar,MDG,2022,24049,7857,811
Madagascar,MDG,2023,30977,7122,736
Malawi,MWI,2011,8,79,
Malawi,MWI,2013,66,350,
Malawi,MWI,2014,21,379,183
Malawi,MWI,2015,30,1840,3985
Malawi,MWI,2016,51,2050,6591
Malawi,MWI,2017,93,1951,8772
Malawi,MWI,2018,88,6369,4901
Malawi,MWI,2019,88,1565,3081
Malawi,MWI,2020,436,6609,4281
Malawi,MWI,2021,1287,7309,4852
Malawi,MWI,2022,1519,7964,5410
Malawi,MWI,2023,2164,8649,5977
Malaysia,MYS,2007,,7000,976000
Malaysia,MYS,2008,,14600,1274000
Malaysia,MYS,2009,,32600,1610000
Malaysia,MYS,2010,4200,114300,
Malaysia,MYS,2011,29487,338649,1557313
Malaysia,MYS,2012,60577,670678,1358030
Malaysia,MYS,2013,78905,889388,1247188
Malaysia,MYS,2014,96970,1138678,1003114
Malaysia,MYS,2015,280600,1903900,839600
Malaysia,MYS,2016,965400,1015100,738300
Malaysia,MYS,2017,1392200,845400,450100
Malaysia,MYS,2018,1726400,747100,222500
Malaysia,MYS,2019,2180800,648000,135700
Malaysia,MYS,2020,2820900,450600,87300
Malaysia,MYS,2021,3612900,76500,44700
Malaysia,MYS,2022,4171100,29800,23400
Malaysia,MYS,2023,4547600,14900,14000
Malaysia,MYS,2024,4797500,9400,9900
Mali,MLI,2016,,298,21146
Mali,MLI,2017,,2291,13109
Mali,MLI,2018,7553,7553,85871
Mali,MLI,2019,10167,11902,120453
Mali,MLI,2020,49509,188250,6045
Mali,MLI,2021,26650,117043,1461
Mali,MLI,2022,45270,124601,8762
Malta,MLT,2007,,75033,8000
Malta,MLT,2008,9636,83042,2649
Malta,MLT,2009,10788,96387,1438
Malta,MLT,2010,14252,106288,689
Malta,MLT,2011,31839,96246,349
Malta,MLT,2012,105472,30003,262
Malta,MLT,2013,124060,18922,1
Malta,MLT,2014,141864,9679,0
Malta,MLT,2015,160474,2731,0
Malta,MLT,2016,170024,1239,0
Malta,MLT,2017,180461,857,0
Malta,MLT,2018,191310,523,0
Malta,MLT,2019,202104,409,0
Malta,MLT,2020,212671,361,0
Malta,MLT,2021,220932,266,0
Malta,MLT,2022,229221,252,0
Malta,MLT,2023,235789,217,0
Malta,MLT,2024,239966,196,0
Mauritania,MRT,2024,1143,5715,1199
Mauritius,MUS,2004,,,2556
Mauritius,MUS,2005,,,3146
Mauritius,MUS,2006,,,11245
Mauritius,MUS,2007,,,22367
Mauritius,MUS,2008,,,40434
Mauritius,MUS,2009,,,26500
Mauritius,MUS,2010,,300,92700
Mauritius,MUS,2011,,1400,115400
Mauritius,MUS,2012,,3460,134900
Mauritius,MUS,2014,18300,7800,153400
Mauritius,MUS,2015,56700,6700,134000
Mauritius,MUS,2016,143000,3700,65900
Mauritius,MUS,2017,195200,2100,48700
Mauritius,MUS,2018,222100,800,51800
Mauritius,MUS,2019,249900,600,56700
Mauritius,MUS,2020,265700,500,56900
Mauritius,MUS,2021,271300,300,57300
Mauritius,MUS,2022,276100,300,57900
Mauritius,MUS,2023,280700,400,61600
Mauritius,MUS,2024,353400,300,1900
Mexico,MEX,2013,1163921,10957749,626203
Mexico,MEX,2014,1567407,10829256,635856
Mexico,MEX,2015,10893234,3010012,854440
Mexico,MEX,2016,12505035,2837964,580002
Mexico,MEX,2017,14217593,2397996,384822
Mexico,MEX,2018,15892689,1989430,319193
Mexico,MEX,2019,17863936,1025000,279970
Mexico,MEX,2020,20478068,1331858,243028
Mexico,MEX,2021,22478768,1599808,124352
Mexico,MEX,2022,24103536,1186510,3038
Mexico,MEX,2023,20410532,1208386,2874
Mexico,MEX,2024,27038296,745280,5607
Moldova,MDA,2012,179085,182853,55239
Moldova,MDA,2013,227457,182832,56783
Moldova,MDA,2014,303327,163322,40839
Moldova,MDA,2015,446245,52550,23393
Moldova,MDA,2016,500901,32673,23829
Moldova,MDA,2017,525211,26251,21343
Moldova,MDA,2018,595910,8364,18861
Moldova,MDA,2019,647856,7707,14967
Moldova,MDA,2020,700225,7169,11607
Moldova,MDA,2021,747978,6055,8300
Moldova,MDA,2022,789395,5448,5214
Moldova,MDA,2023,829046,4746,3783
Moldova,MDA,2024,892658,4023,2652
Monaco,MCO,2010,13799,,
Monaco,MCO,2011,15920,,
Monaco,MCO,2012,16258,,
Monaco,MCO,2015,17876,287,191
Monaco,MCO,2016,18345,143,126
Monaco,MCO,2017,19071,114,73
Monaco,MCO,2018,19543,91,50
Monaco,MCO,2019,20386,56,34
Monaco,MCO,2020,20803,50,24
Monaco,MCO,2021,21098,44,16
Monaco,MCO,2022,21453,34,14
Monaco,MCO,2023,21745,18,7
Monaco,MCO,2024,21509,0,0
Mongolia,MNG,2010,24,1728,62673
Mongolia,MNG,2011,26,2050,75975
Mongolia,MNG,2012,0,2336,89277
Mongolia,MNG,2015,1640,157020,49387
Mongolia,MNG,2016,1845,169610,54692
Mongolia,MNG,2017,2141,206021,76931
Mongolia,MNG,2018,1775,223301,81132
Mongolia,MNG,2019,4258,254473,59192
Mongolia,MNG,2020,168946,118642,20020
Mongolia,MNG,2021,250919,117458,12112
Mongolia,MNG,2022,368608,50383,17833
Mongolia,MNG,2023,433528,56438,9480
Mongolia,MNG,2024,521849,20633,6088
Montenegro,MNE,2014,9503,58475,35885
Montenegro,MNE,2015,11600,68414,32380
Montenegro,MNE,2016,35391,59966,19491
Montenegro,MNE,2017,71122,55383,10921
Montenegro,MNE,2018,119792,33462,5775
Montenegro,MNE,2019,140075,35995,2711
Montenegro,MNE,2020,154600,26996,2580
Montenegro,MNE,2021,163314,24214,758
Montenegro,MNE,2022,175995,19728,302
Montenegro,MNE,2023,186067,16585,183
Montenegro,MNE,2024,197382,8742,139
Morocco,MAR,2007,1569,37195,380864
Morocco,MAR,2008,2425,68159,390273
Morocco,MAR,2009,3055,152832,306499
Morocco,MAR,2010,3955,287945,202045
Morocco,MAR,2011,5855,578188,3906
Morocco,MAR,2012,103518,574035,2957
Morocco,MAR,2013,100716,732199,2113
Morocco,MAR,2014,102635,878713,874
Morocco,MAR,2015,104328,1026956,5141
Morocco,MAR,2016,119078,1129528,6822
Morocco,MAR,2017,275001,1100019,3847
Morocco,MAR,2018,479256,1059383,13960
Morocco,MAR,2019,627087,1118361,5893
Morocco,MAR,2020,874376,1226983,1075
Morocco,MAR,2021,1063480,1206777,1029
Morocco,MAR,2022,1407594,1007215,942
Morocco,MAR,2023,1825436,822677,0
Morocco,MAR,2024,2182597,642556,
Mozambique,MOZ,2015,1043,11364,30163
Mozambique,MOZ,2016,525,12246,33828
Mozambique,MOZ,2017,478,36491,24672
Mozambique,MOZ,2018,5042,19424,45676
Mozambique,MOZ,2019,24291,38374,7310
Mozambique,MOZ,2020,25000,40000,7000
Mozambique,MOZ,2021,20442,39871,5182
Mozambique,MOZ,2022,22912,35294,6383
Mozambique,MOZ,2023,29513,14910,5694
Mozambique,MOZ,2024,29547,15313,4317
Myanmar,MMR,2015,1933,8941,22047
Myanmar,MMR,2016,54753,9629,25304
Myanmar,MMR,2017,59601,20144,31822
Myanmar,MMR,2018,60983,42173,25894
Myanmar,MMR,2019,76609,169869,239375
Myanmar,MMR,2020,260733,157901,270181
Myanmar,MMR,2021,372302,464955,55782
Myanmar,MMR,2022,540291,528695,58265
Myanmar,MMR,2023,786145,639774,88906
Myanmar,MMR,2024,1043920,413973,106073
Namibia,NAM,2009,,223,
Namibia,NAM,2010,,280,9422
Namibia,NAM,2011,,416,17198
Namibia,NAM,2012,38,1955,22057
Namibia,NAM,2013,57,4014,29776
Namibia,NAM,2014,84,5087,36041
Namibia,NAM,2015,341,9614,60453
Namibia,NAM,2016,501,10494,53348
Namibia,NAM,2017,1085,31489,21950
Namibia,NAM,2018,9955,31586,21311
Namibia,NAM,2019,10374,55314,3272
Namibia,NAM,2020,2494,63696,2234
Namibia,NAM,2021,6010,65095,1231
Namibia,NAM,2022,31658,62885,582
Namibia,NAM,2023,43018,60705,580
Namibia,NAM,2024,46288,39461,144
Nepal,NPL,2017,,33423,
Netherlands,NLD,2010,3392000,2100000,516000
Netherlands,NLD,2011,3672245,2193140,200654
Netherlands,NLD,2012,3930000,2061000,124000
Netherlands,NLD,2014,5710000,1107000,34000
Netherlands,NLD,2015,6018868,987012,23217
Netherlands,NLD,2016,7091206,118986,12578
Netherlands,NLD,2017,7177787,104122,7671
Netherlands,NLD,2018,7333846,67296,5558
Netherlands,NLD,2019,7411060,43350,4160
Netherlands,NLD,2020,7447211,74653,3152
Netherlands,NLD,2021,7603593,9885,1100
Netherlands,NLD,2022,7799939,0,0
Netherlands,NLD,2023,7827630,0,0
Netherlands,NLD,2024,7834394,0,0
New Caledonia,NCL,2007,0,0,9468
New Caledonia,NCL,2008,0,0,14903
New Caledonia,NCL,2009,0,0,32339
New Caledonia,NCL,2015,54226,,
New Zealand,NZL,2009,0,,108000
New Zealand,NZL,2010,0,,116000
New Zealand,NZL,2011,0,240000,125000
New Zealand,NZL,2014,1213000,155000,42000
New Zealand,NZL,2015,1407400,29000,14500
New Zealand,NZL,2016,1515500,15000,0
New Zealand,NZL,2017,1567000,16000,0
New Zealand,NZL,2018,1631000,16000,0
Nicaragua,NIC,2024,350864,47271,1358
Niger,NER,2016,2,34,7671
Niger,NER,2017,39,432,8179
Nigeria,NGA,2016,26544,81171,216
Nigeria,NGA,2017,27301,82406,1127
Nigeria,NGA,2018,6039,67715,211
Nigeria,NGA,2019,10361,72745,254
Nigeria,NGA,2020,11141,9034,45138
Nigeria,NGA,2021,18970,2379,44568
Nigeria,NGA,2022,512,81766,14528
Nigeria,NGA,2023,39032,77480,355
Nigeria,NGA,2024,130568,51954,685
North Macedonia,MKD,2013,141538,192131,4817
North Macedonia,MKD,2014,231609,118367,4118
North Macedonia,MKD,2015,264145,98017,2259
North Macedonia,MKD,2016,286460,84888,10183
North Macedonia,MKD,2017,295850,91743,8702
North Macedonia,MKD,2018,337909,84493,5562
North Macedonia,MKD,2019,378353,72439,3508
North Macedonia,MKD,2020,414294,58654,2621
North Macedonia,MKD,2021,460428,36001,2350
North Macedonia,MKD,2022,499913,13036,2382
North Macedonia,MKD,2023,517727,13086,3655
North Macedonia,MKD,2024,527912,12918,4107
Norway,NOR,2008,254764,783646,550526
Norway,NOR,2009,377003,792363,498865
Norway,NOR,2010,502208,719105,496455
Norway,NOR,2011,754850,573262,456626
Norway,NOR,2012,930196,556024,365386
Norway,NOR,2013,1023849,432208,459527
Norway,NOR,2014,1338380,449456,155477
Norway,NOR,2015,1569999,468461,12000
Norway,NOR,2016,1749622,346353,11000
Norway,NOR,2017,1934461,220760,10000
Norway,NOR,2018,2047567,149294,9000
Norway,NOR,2019,2148222,104383,8000
Norway,NOR,2020,2313034,68627,6000
Norway,NOR,2021,2384170,46184,0
Norway,NOR,2022,2467680,24139,0
Norway,NOR,2023,2500260,7523,0
Norway,NOR,2024,2516085,7556,0
Oman,OMN,2007,6,35,115
Oman,OMN,2008,8,52,148
Oman,OMN,2009,5,77,180
Oman,OMN,2010,1651,7572,42146
Oman,OMN,2011,1751,7968,42364
Oman,OMN,2012,2819,13524,54511
Oman,OMN,2013,249,20283,70767
Oman,OMN,2014,5172,152676,20009
Oman,OMN,2015,6750,208369,18074
Oman,OMN,2016,21266,255181,8200
Oman,OMN,2017,50720,291291,6438
Oman,OMN,2018,89111,327688,5236
Oman,OMN,2019,122124,347351,3595
Oman,OMN,2020,121430,383931,3588
Oman,OMN,2021,231299,291092,2127
Oman,OMN,2022,289012,246349,1606
Oman,OMN,2023,330813,230379,791
Oman,OMN,2024,401640,180412,848
Pakistan,PAK,2011,736,8678,265837
Pakistan,PAK,2012,11291,227891,854008
Pakistan,PAK,2013,10555,222841,819545
Pakistan,PAK,2014,9956,1145157,853571
Pakistan,PAK,2015,4053,1128417,660729
Pakistan,PAK,2016,9698,1031793,601314
Pakistan,PAK,2017,204977,1356016,281104
Pakistan,PAK,2018,448386,1488839,225114
Pakistan,PAK,2019,518410,1341903,174230
Pakistan,PAK,2020,827355,1441471,174112
Pakistan,PAK,2021,1199731,1650639,98657
Pakistan,PAK,2022,1482070,1570616,75746
Pakistan,PAK,2023,1771422,1549244,36050
Pakistan,PAK,2024,2344658,1308061,29866
Palau,PLW,2022,,,5
Palau,PLW,2023,,,10
Palestine,PSE,2016,276569,42036,1895
Palestine,PSE,2017,213798,145528,546
Palestine,PSE,2018,186451,177103,532
Palestine,PSE,2019,163869,200488,524
Palestine,PSE,2020,225540,151317,54
Palestine,PSE,2021,250335,165121,36
Palestine,PSE,2022,296253,124782,30
Palestine,PSE,2023,376841,91378,31
Palestine,PSE,2024,389957,58529,29
Panama,PAN,2014,945,56740,252178
Panama,PAN,2015,1581,72719,237126
Panama,PAN,2016,2217,87080,225270
Panama,PAN,2017,180903,29961,115111
Panama,PAN,2018,350589,145534,872
Panama,PAN,2019,435674,44841,3781
Panama,PAN,2020,522714,47093,4160
Panama,PAN,2021,575396,49892,19185
Panama,PAN,2022,680256,30364,4726
Panama,PAN,2023,768129,32342,8086
Paraguay,PRY,2014,949,62748,121428
Paraguay,PRY,2015,1156,98292,115687
Paraguay,PRY,2016,1525,140361,104774
Paraguay,PRY,2017,1783,165892,122589
Paraguay,PRY,2018,2101,201065,117534
Paraguay,PRY,2019,337190,66088,8908
Paraguay,PRY,2020,493829,61433,6335
Paraguay,PRY,2021,669665,49916,3104
Paraguay,PRY,2022,717536,32383,4062
Paraguay,PRY,2023,862545,19145,79
Peru,PER,2017,401737,1510776,397704
Peru,PER,2018,659870,1641339,280884
Peru,PER,2019,1740266,576624,71691
Peru,PER,2020,2461116,220894,79933
Peru,PER,2021,2831064,135389,36712
Peru,PER,2022,3061630,86400,15478
Peru,PER,2023,3456636,28530,47107
Peru,PER,2024,3927081,39035,30141
Poland,POL,2009,222824,1307198,2485764
Poland,POL,2010,511884,1925034,1951827
Poland,POL,2011,1024277,2324119,1182134
Poland,POL,2012,1638901,2316450,769275
Poland,POL,2013,2525173,2794633,415093
Poland,POL,2014,2979162,2666384,265701
Poland,POL,2015,3622503,2015793,176493
Poland,POL,2016,4098634,2128848,127077
Poland,POL,2017,4487996,1641800,64692
Poland,POL,2018,5780864,1068601,43181
Poland,POL,2019,6018941,977769,33814
Poland,POL,2020,6532853,801424,32104
Poland,POL,2021,7048348,633979,25333
Poland,POL,2022,7306795,565171,25379
Poland,POL,2023,7983000,442309,23039
Poland,POL,2024,8313314,360453,18500
Portugal,PRT,2007,312516,937956,361922
Portugal,PRT,2008,760822,713209,139694
Portugal,PRT,2009,1148847,642398,96995
Portugal,PRT,2010,1537693,499634,66950
Portugal,PRT,2011,1825702,374404,42926
Portugal,PRT,2012,1986825,353857,50097
Portugal,PRT,2013,2152017,338894,38874
Portugal,PRT,2014,2422646,272250,26599
Portugal,PRT,2015,3069659,53069,19461
Portugal,PRT,2016,3326311,35034,14252
Portugal,PRT,2017,3536989,26522,11127
Portugal,PRT,2018,3752980,22621,9083
Portugal,PRT,2019,3941002,19363,7351
Portugal,PRT,2020,4138027,16882,5903
Portugal,PRT,2021,4294306,14640,4815
Portugal,PRT,2022,4457009,12974,2796
Portugal,PRT,2023,4587321,11384,2371
Portugal,PRT,2024,4704465,10171,2175
Puerto Rico,PRI,2013,,452993,148342
Puerto Rico,PRI,2014,398,484371,125503
Puerto Rico,PRI,2015,,554659,107742
Puerto Rico,PRI,2016,4898,610033,71920
Puerto Rico,PRI,2017,12163,594304,53633
Puerto Rico,PRI,2018,,463563,35124
Puerto Rico,PRI,2019,,421164,23260
Qatar,QAT,2007,0,6624,63716
Qatar,QAT,2008,0,10373,92994
Qatar,QAT,2009,0,28541,103073
Qatar,QAT,2010,0,27385,116672
Qatar,QAT,2011,0,14591,146866
Qatar,QAT,2012,2440,24638,156602
Qatar,QAT,2013,3843,40167,171477
Qatar,QAT,2014,9955,164118,51399
Qatar,QAT,2015,60556,137379,39839
Qatar,QAT,2016,211415,13347,28956
Qatar,QAT,2017,239326,6236,10998
Qatar,QAT,2018,255796,6016,6094
Qatar,QAT,2019,277851,2692,4136
Qatar,QAT,2020,294319,1093,714
Qatar,QAT,2021,310622,785,481
Qatar,QAT,2022,364923,390,335
Qatar,QAT,2023,346465,234,99
Qatar,QAT,2024,359993,182,73
Romania,ROU,2009,1540000,1210000,50000
Romania,ROU,2010,1810000,1170000,20000
Romania,ROU,2011,2132000,1067000,64000
Romania,ROU,2012,2592000,866000,60000
Romania,ROU,2013,3019000,696000,44000
Romania,ROU,2014,3366416,617439,32000
Romania,ROU,2015,3685268,546299,30565
Romania,ROU,2016,3964000,460000,25500
Romania,ROU,2017,4345687,383779,25316
Romania,ROU,2018,4726383,344117,19110
Romania,ROU,2019,5026568,235593,15065
Romania,ROU,2020,5504497,170733,9494
Romania,ROU,2021,5966106,120152,14439
Romania,ROU,2022,6277889,79643,8052
Romania,ROU,2023,6569787,53039,5669
Romania,ROU,2024,6778775,25665,2883
Russia,RUS,2011,3771728,8424610,5283823
Russia,RUS,2012,5922975,9351949,5428729
Russia,RUS,2013,9857528,9789043,4098775
Russia,RUS,2014,14135067,7693065,2997070
Russia,RUS,2015,17297860,6831430,2752173
Russia,RUS,2016,18937030,6257524,2328148
Russia,RUS,2017,22855640,6092814,2154782
Russia,RUS,2018,24750072,5260442,2052267
Russia,RUS,2019,25942768,4679089,2235756
Russia,RUS,2020,27662096,4329240,1901969
Russia,RUS,2021,31273404,2847023,502408
Russia,RUS,2022,32826024,2623435,413503
Russia,RUS,2023,34832036,2381561,344768
Russia,RUS,2024,36913860,2068589,312186
Rwanda,RWA,2017,10242,5166,6372
Rwanda,RWA,2018,3403,2174,1924
Rwanda,RWA,2019,4195,2720,1970
Rwanda,RWA,2020,12575,3337,1773
Rwanda,RWA,2021,25917,4367,1618
Rwanda,RWA,2022,41396,4772,1604
Rwanda,RWA,2023,55549,5201,1425
Rwanda,RWA,2024,74226,9700,993
Saint Kitts and Nevis,KNA,2014,,14000,
Saint Kitts and Nevis,KNA,2015,102,8167,7892
Saint Kitts and Nevis,KNA,2016,565,13169,144
Saint Kitts and Nevis,KNA,2017,,8558,
Saint Kitts and Nevis,KNA,2021,20117,3,
Saint Kitts and Nevis,KNA,2022,21834,0,0
Saint Lucia,LCA,2016,,12621,314
Saint Lucia,LCA,2017,6661,15140,9980
Saint Lucia,LCA,2018,9729,14921,7615
Saint Lucia,LCA,2020,14616,20985,
Saint Lucia,LCA,2021,8831,10227,
Saint Lucia,LCA,2022,18792,1824,3648
Saint Vincent and the Grenadines,VCT,2017,5393,10872,3008
Saint Vincent and the Grenadines,VCT,2018,,14473,2692
Saint Vincent and the Grenadines,VCT,2019,6858,11113,3614
Saint Vincent and the Grenadines,VCT,2020,23825,2223,1553
Saint Vincent and the Grenadines,VCT,2021,21750,2278,850
Samoa,WSM,2015,7,664,
Samoa,WSM,2016,231,2545,
Samoa,WSM,2017,,1438,
San Marino,SMR,2015,1260,9809,123
San Marino,SMR,2017,5500,5000,0
San Marino,SMR,2018,6150,4708,0
San Marino,SMR,2019,7700,3381,0
San Marino,SMR,2021,10300,1700,0
San Marino,SMR,2022,10700,1500,0
Sao Tome and Principe,STP,2017,431,930,118
Sao Tome and Principe,STP,2018,435,923,199
Sao Tome and Principe,STP,2019,530,994,118
Sao Tome and Principe,STP,2020,587,1861,64
Sao Tome and Principe,STP,2021,705,2655,63
Sao Tome and Principe,STP,2022,1040,3537,5
Sao Tome and Principe,STP,2023,1357,4418,0
Sao Tome and Principe,STP,2024,1347,5705,0
Saudi Arabia,SAU,2011,78848,1103880,394243
Saudi Arabia,SAU,2012,241787,1284225,439739
Saudi Arabia,SAU,2015,3634731,2434980,265846
Saudi Arabia,SAU,2016,4543869,1801043,52629
Saudi Arabia,SAU,2017,5118652,1526095,8544
Saudi Arabia,SAU,2018,5976532,786717,58624
Saudi Arabia,SAU,2019,5959078,784419,58452
Saudi Arabia,SAU,2020,7344255,482095,63911
Saudi Arabia,SAU,2021,10185814,328233,74117
Saudi Arabia,SAU,2022,13131856,262586,62258
Saudi Arabia,SAU,2023,14231952,210069,52297
Saudi Arabia,SAU,2024,14726484,187095,54005
Senegal,SEN,2011,593,1493,83612
Senegal,SEN,2012,871,12132,82558
Senegal,SEN,2013,906,,105825
Senegal,SEN,2014,1403,,
Senegal,SEN,2015,2498,39862,58251
Senegal,SEN,2016,3870,42542,51941
Senegal,SEN,2017,11309,49110,51376
Senegal,SEN,2018,20595,47474,61751
Serbia,SRB,2010,4553,153833,527110
Serbia,SRB,2011,308,346803,471375
Serbia,SRB,2012,24114,548480,326057
Serbia,SRB,2013,175001,721880,196875
Serbia,SRB,2014,858906,294790,37382
Serbia,SRB,2015,1080146,220020,20064
Serbia,SRB,2016,1288623,150512,11823
Serbia,SRB,2017,1375830,98092,6832
Serbia,SRB,2018,1435662,112201,4297
Serbia,SRB,2019,1543530,77124,3136
Serbia,SRB,2020,1659501,65547,5449
Serbia,SRB,2021,1748241,48769,2824
Serbia,SRB,2022,1913671,32715,2526
Serbia,SRB,2023,2056656,17706,2309
Serbia,SRB,2024,2188065,14132,2257
Seychelles,SYC,2022,20536,8982,7927
Seychelles,SYC,2023,19949,14372,5052
Seychelles,SYC,2024,31870,9310,28
Sierra Leone,SLE,2019,20,20,0
Sierra Leone,SLE,2020,24,24,0
Sierra Leone,SLE,2021,25,25,0
Singapore,SGP,2008,132100,578000,303200
Singapore,SGP,2009,133900,671300,361700
Singapore,SGP,2010,536800,379600,352500
Singapore,SGP,2011,637700,357300,333800
Singapore,SGP,2012,775800,292700,280400
Singapore,SGP,2013,913100,182500,271900
Singapore,SGP,2014,1102000,114500,244100
Singapore,SGP,2015,1204200,73100,193900
Singapore,SGP,2016,1295910,48326,116864
Singapore,SGP,2017,1368100,31600,75300
Singapore,SGP,2018,1447700,11300,33900
Singapore,SGP,2019,0,,
Singapore,SGP,2021,1526400,,
Singapore,SGP,2022,1556600,,
Singapore,SGP,2023,1588200,,
Singapore,SGP,2024,1622200,,
Slovakia,SVK,2007,23240,149817,298963
Slovakia,SVK,2008,95343,393775,30765
Slovakia,SVK,2009,153937,452184,21601
Slovakia,SVK,2010,209130,458444,26840
Slovakia,SVK,2011,274706,452858,19163
Slovakia,SVK,2012,391182,393507,13698
Slovakia,SVK,2013,428606,407706,9685
Slovakia,SVK,2014,567570,584050,39596
Slovakia,SVK,2015,749137,484491,40184
Slovakia,SVK,2016,826973,470718,38850
Slovakia,SVK,2017,1003233,381422,20096
Slovakia,SVK,2018,1135052,337098,35374
Slovakia,SVK,2019,1330210,242736,17607
Slovakia,SVK,2020,1475667,209683,16211
Slovakia,SVK,2021,1610035,143544,21091
Slovakia,SVK,2022,1724214,120879,15729
Slovakia,SVK,2023,1718537,101470,10475
Slovakia,SVK,2024,1775036,76440,10558
Slovenia,SVN,2008,69549,80571,260804
Slovenia,SVN,2009,96351,85055,267624
Slovenia,SVN,2010,110506,93830,265231
Slovenia,SVN,2011,160426,250363,82220
Slovenia,SVN,2012,184646,243589,84692
Slovenia,SVN,2013,236435,236172,56219
Slovenia,SVN,2014,285731,231386,38698
Slovenia,SVN,2015,359273,177609,32144
Slovenia,SVN,2016,465000,105403,18921
Slovenia,SVN,2017,475228,116914,9678
Slovenia,SVN,2018,536606,69882,6257
Slovenia,SVN,2019,575257,48071,4611
Slovenia,SVN,2020,602847,46487,2269
Slovenia,SVN,2021,631308,34369,1136
Slovenia,SVN,2022,653778,22658,659
Slovenia,SVN,2023,655590,19440,346
Slovenia,SVN,2024,710797,14241,261
Solomon Islands,SLB,2015,0,0,1420
Solomon Islands,SLB,2016,0,,1272
Solomon Islands,SLB,2017,,,1084
Somalia,SOM,2010,0,,
Somalia,SOM,2011,0,,
Somalia,SOM,2012,0,,
Somalia,SOM,2021,,83840,35160
Somalia,SOM,2022,,83840,35160
Somalia,SOM,2023,132726,,
South Africa,ZAF,2014,167715,646666,4094
South Africa,ZAF,2015,237935,1079088,92324
South Africa,ZAF,2016,258312,847293,45165
South Africa,ZAF,2017,344358,694624,84207
South Africa,ZAF,2018,407071,650947,48995
South Africa,ZAF,2019,591572,596266,62518
South Africa,ZAF,2020,851224,443637,8196
South Africa,ZAF,2021,1467622,221881,5145
South Africa,ZAF,2022,1800206,139887,7969
South Africa,ZAF,2023,2059882,86544,6374
South Africa,ZAF,2024,3233730,175328,13990
South Korea,KOR,2009,15190972,1156744,0
South Korea,KOR,2010,16374591,818979,0
South Korea,KOR,2011,17256072,602932,0
South Korea,KOR,2012,18252200,0,0
South Korea,KOR,2013,18737124,0,0
South Korea,KOR,2014,19198934,0,0
South Korea,KOR,2015,20024420,0,0
South Korea,KOR,2016,20555684,0,0
South Korea,KOR,2017,21195918,0,0
South Korea,KOR,2018,21285858,0,0
South Korea,KOR,2019,21761832,0,0
South Korea,KOR,2020,22327182,0,0
South Korea,KOR,2021,22944268,0,0
South Korea,KOR,2022,23537332,,
South Korea,KOR,2023,24088396,9762,7
South Korea,KOR,2024,24715148,6627,7
South Sudan,SSD,2015,0,150,0
South Sudan,SSD,2016,60,45,45
South Sudan,SSD,2017,60,75,65
South Sudan,SSD,2018,50,75,75
South Sudan,SSD,2019,65,50,65
South Sudan,SSD,2021,70,60,70
South Sudan,SSD,2022,40,60,70
South Sudan,SSD,2023,40,60,70
Spain,ESP,2007,549037,5755324,1751419
Spain,ESP,2008,1103999,6567055,1464905
Spain,ESP,2009,1872035,6761789,1155353
Spain,ESP,2010,3549254,6093069,890665
Spain,ESP,2011,6013046,4614567,418040
Spain,ESP,2012,7238182,3902354,255811
Spain,ESP,2013,10057986,1884197,162302
Spain,ESP,2014,11749683,1111792,143494
Spain,ESP,2015,12549952,890848,102106
Spain,ESP,2016,13241645,795095,75917
Spain,ESP,2017,13825170,797343,45699
Spain,ESP,2018,14565922,576889,34143
Spain,ESP,2019,15047367,542283,26941
Spain,ESP,2020,15708871,459012,20619
Spain,ESP,2021,16516550,141448,16185
Spain,ESP,2022,17016356,93763,5096
Spain,ESP,2023,17745900,80916,3392
Spain,ESP,2024,18788600,7656,843
Sri Lanka,LKA,2012,2044,225411,104213
Sri Lanka,LKA,2015,182580,419547,40406
Sri Lanka,LKA,2016,431044,432732,28408
Sri Lanka,LKA,2017,431044,579531,209929
Sri Lanka,LKA,2018,342836,859012,342465
Sri Lanka,LKA,2019,638928,1028643,
Sri Lanka,LKA,2020,588355,1192360,365
Sri Lanka,LKA,2021,734865,1657614,174
Sri Lanka,LKA,2022,818217,1382082,101
Sri Lanka,LKA,2023,910287,1101432,1847
Sri Lanka,LKA,2024,845572,1110900,0
Sudan,SDN,2017,311,11811,18960
Sudan,SDN,2018,278,13618,17322
Sudan,SDN,2019,1806,18243,12713
Sudan,SDN,2020,1233,14406,13144
Sudan,SDN,2021,1217,15213,13996
Suriname,SUR,2010,,248,
Suriname,SUR,2011,,211,
Suriname,SUR,2017,,71924,
Suriname,SUR,2018,31828,24487,0
Suriname,SUR,2019,47963,32447,0
Suriname,SUR,2020,55656,29895,0
Suriname,SUR,2021,89305,33646,10
Suriname,SUR,2022,102593,22201,1
Suriname,SUR,2023,90296,19991,3
Suriname,SUR,2024,100897,18070,4
Sweden,SWE,2007,853652,1306183,615791
Sweden,SWE,2008,1017163,1423311,458463
Sweden,SWE,2009,1358356,1266924,316368
Sweden,SWE,2010,1496861,1275625,224221
Sweden,SWE,2011,1774392,1116352,133995
Sweden,SWE,2012,2034917,953826,81176
Sweden,SWE,2013,2285847,797803,33845
Sweden,SWE,2014,2597800,654136,29122
Sweden,SWE,2015,2927875,548076,19939
Sweden,SWE,2016,3226705,441204,11859
Sweden,SWE,2017,3491983,355964,6890
Sweden,SWE,2018,3675979,257223,8886
Sweden,SWE,2019,3846635,184111,7979
Sweden,SWE,2020,4042066,127119,10389
Sweden,SWE,2021,4157099,86173,10170
Sweden,SWE,2022,4197934,56140,4765
Sweden,SWE,2023,4254110,40056,3881
Sweden,SWE,2024,4273207,31150,3745
Switzerland,CHE,2008,316783,1780755,453424
Switzerland,CHE,2009,685699,1454100,517082
Switzerland,CHE,2010,912128,1440444,527206
Switzerland,CHE,2011,1344162,1273196,456328
Switzerland,CHE,2012,1821646,973281,409044
Switzerland,CHE,2013,2540005,724907,170817
Switzerland,CHE,2014,2556962,765641,210940
Switzerland,CHE,2015,2766034,689762,241646
Switzerland,CHE,2016,3194530,482458,93317
Switzerland,CHE,2017,3662558,234280,15316
Switzerland,CHE,2018,3692061,176695,3557
Switzerland,CHE,2019,3886718,133015,4187
Switzerland,CHE,2020,3967333,47030,1898
Switzerland,CHE,2021,4130467,34161,4146
Switzerland,CHE,2022,4067771,25994,4922
Switzerland,CHE,2023,4120488,26809,0
Switzerland,CHE,2024,4195096,0,0
Syria,SYR,2011,0,,
Syria,SYR,2012,0,5691,160311
Syria,SYR,2013,0,7624,219100
Syria,SYR,2014,0,11989,296672
Syria,SYR,2015,0,24473,601204
Syria,SYR,2016,3091,67364,939159
Syria,SYR,2017,250,58369,1364195
Syria,SYR,2018,392,159902,1167787
Syria,SYR,2019,593,146810,1345766
Syria,SYR,2020,696,200422,1346982
Syria,SYR,2021,892,107306,1467599
Syria,SYR,2022,2756,489232,1116940
Syria,SYR,2023,3740,653067,962078
Tanzania,TZA,2024,159756,8457,742
Thailand,THA,2014,861674,476608,20134
Thailand,THA,2015,883015,317257,12579
Thailand,THA,2016,1027735,190792,10038
Thailand,THA,2017,8039228,135708,14635
Thailand,THA,2018,8992420,178599,17981
Thailand,THA,2019,9892561,196477,19781
Thailand,THA,2020,11385924,,82684
Thailand,THA,2021,12001386,237221,182333
Thailand,THA,2022,12235435,290490,36783
Thailand,THA,2023,10044983,324034,34250
Thailand,THA,2024,10347776,292065,29411
Togo,TGO,2015,15,967,65090
Togo,TGO,2016,25,2023,46715
Togo,TGO,2017,35274,6276,9000
Togo,TGO,2018,19941,4054,2160
Togo,TGO,2019,28278,3258,363
Togo,TGO,2020,47736,3855,1116
Togo,TGO,2021,63431,3088,9
Togo,TGO,2022,93620,651,11
Togo,TGO,2023,113609,625,38
Togo,TGO,2024,134115,522,40
Tonga,TON,2015,32,686,1740
Tonga,TON,2019,0,0,0
Trinidad and Tobago,TTO,2009,5956,,56005
Trinidad and Tobago,TTO,2010,5621,,62026
Trinidad and Tobago,TTO,2011,9636,82958,62393
Trinidad and Tobago,TTO,2012,15084,101832,67041
Trinidad and Tobago,TTO,2013,101942,32607,60663
Trinidad and Tobago,TTO,2014,129181,49802,67757
Trinidad and Tobago,TTO,2015,135097,82034,61391
Trinidad and Tobago,TTO,2016,137862,91455,26262
Trinidad and Tobago,TTO,2017,224035,91448,11293
Trinidad and Tobago,TTO,2018,249821,83938,8441
Trinidad and Tobago,TTO,2019,256778,74769,7793
Trinidad and Tobago,TTO,2020,301497,71074,4200
Trinidad and Tobago,TTO,2021,326745,38753,5389
Trinidad and Tobago,TTO,2022,346935,36547,5954
Trinidad and Tobago,TTO,2023,363491,35038,5673
Trinidad and Tobago,TTO,2024,367328,34702,5515
Tunisia,TUN,2007,,500,114000
Tunisia,TUN,2008,,17000,198000
Tunisia,TUN,2009,,36000,336000
Tunisia,TUN,2010,259,103000,375000
Tunisia,TUN,2011,1,147902,389089
Tunisia,TUN,2012,4854,414872,83523
Tunisia,TUN,2013,5011,487035,25453
Tunisia,TUN,2014,9046,472198,16710
Tunisia,TUN,2015,116916,440740,16321
Tunisia,TUN,2016,155523,474714,10030
Tunisia,TUN,2017,259281,533944,8560
Tunisia,TUN,2018,411885,594615,7511
Tunisia,TUN,2019,575565,611393,6986
Tunisia,TUN,2020,728296,600103,6325
Tunisia,TUN,2021,945823,545123,5739
Tunisia,TUN,2022,1386262,297185,4888
Tunisia,TUN,2023,1520777,193516,3892
Tunisia,TUN,2024,1695415,138458,4520
Turkey,TUR,2009,2615,2376964,3990680
Turkey,TUR,2010,311510,4800923,1975261
Turkey,TUR,2011,568139,5871615,1140808
Turkey,TUR,2012,733814,6021183,1103173
Turkey,TUR,2013,1589844,6053862,771644
Turkey,TUR,2014,4175494,4282213,433335
Turkey,TUR,2015,6557071,2694497,233199
Turkey,TUR,2016,7986512,2279201,233979
Turkey,TUR,2017,9194216,2575759,154930
Turkey,TUR,2018,10246112,3034544,126570
Turkey,TUR,2019,10609324,3606537,16117
Turkey,TUR,2020,13472326,3250209,12318
Turkey,TUR,2021,16354408,1770959,10369
Turkey,TUR,2022,18111060,877581,10163
Turkey,TUR,2023,19092836,496883,10512
Turkey,TUR,2024,20081260,396574,18795
Turkmenistan,TKM,2015,158,1579,26463
Turkmenistan,TKM,2016,173,2747,43786
Turkmenistan,TKM,2017,194,11380,63660
Turkmenistan,TKM,2018,224,19516,94312
Turkmenistan,TKM,2019,368,27517,148796
Turkmenistan,TKM,2020,541,39105,196945
Turkmenistan,TKM,2021,1385,146594,141563
Turkmenistan,TKM,2022,1810,170530,204867
Uganda,UGA,2009,120,480,5400
Uganda,UGA,2010,280,1120,12600
Uganda,UGA,2011,710,2841,31963
Uganda,UGA,2012,768,3072,34560
Uganda,UGA,2014,936,4366,49896
Uganda,UGA,2017,6876,,
Uganda,UGA,2021,5772,9620,23089
Uganda,UGA,2022,8080,32176,
Uganda,UGA,2023,29900,14522,
Uganda,UGA,2024,83070,0,
Ukraine,UKR,2016,4850056,250103,25340
Ukraine,UKR,2017,5000897,218832,20014
Ukraine,UKR,2018,5174032,215385,15708
Ukraine,UKR,2019,6272651,380826,130708
Ukraine,UKR,2020,7323064,367521,78816
Ukraine,UKR,2021,7504127,,62159
Ukraine,UKR,2022,7115123,,75797
Ukraine,UKR,2023,7985695,,80610
Ukraine,UKR,2024,,,89433
United Arab Emirates,ARE,2009,,73520,616904
United Arab Emirates,ARE,2010,44075,251296,500810
United Arab Emirates,ARE,2011,77342,377227,415575
United Arab Emirates,ARE,2012,100686,475206,379096
United Arab Emirates,ARE,2013,265262,476157,300515
United Arab Emirates,ARE,2014,535321,318244,238198
United Arab Emirates,ARE,2015,846001,211434,177012
United Arab Emirates,ARE,2016,1021843,161323,114419
United Arab Emirates,ARE,2017,2392126,226939,142765
United Arab Emirates,ARE,2018,2764067,158861,101637
United Arab Emirates,ARE,2019,2866018,111305,68634
United Arab Emirates,ARE,2020,3136849,61607,46667
United Arab Emirates,ARE,2021,3403683,129076,40296
United Arab Emirates,ARE,2022,3626237,118570,29257
United Arab Emirates,ARE,2023,3888545,41329,18000
United Arab Emirates,ARE,2024,4396121,88655,18716
United Kingdom,GBR,2008,1169483,15266549,837991
United Kingdom,GBR,2009,6005106,11457811,396005
United Kingdom,GBR,2010,12588345,6301828,242891
United Kingdom,GBR,2011,14304394,5485439,0
United Kingdom,GBR,2012,16390030,4789579,0
United Kingdom,GBR,2013,18019050,3774383,0
United Kingdom,GBR,2014,20663412,3066389,0
United Kingdom,GBR,2015,22936692,1726418,0
United Kingdom,GBR,2016,24301832,1171786,0
United Kingdom,GBR,2017,25256352,787079,0
United Kingdom,GBR,2018,26166022,421087,0
United Kingdom,GBR,2019,26021626,838038,0
United Kingdom,GBR,2020,26798540,531177,0
United Kingdom,GBR,2021,27510000,311000,0
United Kingdom,GBR,2022,27870000,279000,0
United Kingdom,GBR,2023,28151000,309000,0
United Kingdom,GBR,2024,28853000,299000,0
United States,USA,2008,11682000,37743000,27501000
United States,USA,2009,16784000,36778000,27100000
United States,USA,2010,29539000,25329000,26802000
United States,USA,2011,50355000,14022000,23933000
United States,USA,2013,64093000,26672000,4408000
United States,USA,2014,70888000,23682000,6111000
United States,USA,2015,79830000,20303000,4373000
United States,USA,2016,85149000,14275000,3176000
United States,USA,2017,93038000,12340000,2822000
United States,USA,2018,99238000,9331000,2187000
United States,USA,2019,105249000,7290000,1753000
United States,USA,2020,113826000,5946000,1460000
United States,USA,2021,119783000,4881000,1221000
United States,USA,2022,123336000,3893000,808000
United States,USA,2023,127193000,3066000,585000
United States,USA,2024,131499000,2269000,455000
Uruguay,URY,2017,646483,304521,2277
Uruguay,URY,2018,700923,274501,1966
Uruguay,URY,2019,769407,241569,1434
Uruguay,URY,2020,836392,226283,969
Uruguay,URY,2021,896540,208169,749
Uruguay,URY,2022,985975,148922,603
Uruguay,URY,2023,1085484,11948,415
Uruguay,URY,2024,1111196,7869,
Uzbekistan,UZB,2012,,13803,198926
Uzbekistan,UZB,2014,1392,53066,486028
Uzbekistan,UZB,2015,4649,163125,1620012
Uzbekistan,UZB,2016,245451,964285,1536624
Uzbekistan,UZB,2017,294392,1165394,1859317
Uzbekistan,UZB,2018,527175,2309165,1195817
Uzbekistan,UZB,2019,314221,1860434,936439
Uzbekistan,UZB,2020,1340162,3168926,144254
Uzbekistan,UZB,2021,2336701,5095442,65316
Uzbekistan,UZB,2022,7036188,1975251,2540
Uzbekistan,UZB,2023,8566631,2223137,2158
Uzbekistan,UZB,2024,10103884,2526287,1263
Vanuatu,VUT,2018,28,476,885
Vanuatu,VUT,2019,225,993,2186
Vanuatu,VUT,2020,206,1002,1502
Vanuatu,VUT,2021,973,1054,1130
Vanuatu,VUT,2022,1300,1212,1014
Vanuatu,VUT,2023,1577,972,138
Vanuatu,VUT,2024,1601,1054,59
Venezuela,VEN,2010,29,34771,1195091
Venezuela,VEN,2011,19495,508580,1248751
Venezuela,VEN,2012,22026,574617,1410897
Venezuela,VEN,2013,24505,639274,1569652
Venezuela,VEN,2014,37271,379919,1982893
Venezuela,VEN,2015,122332,775128,1692253
Venezuela,VEN,2016,156248,865275,1592468
Venezuela,VEN,2017,122266,778566,1706997
Venezuela,VEN,2018,156322,863733,1584523
Venezuela,VEN,2019,55639,885780,1619711
Venezuela,VEN,2020,113730,834137,1613831
Venezuela,VEN,2021,118562,1610147,881154
Venezuela,VEN,2022,360317,1585549,757043
Venezuela,VEN,2023,1136243,1350446,523971
Venezuela,VEN,2024,1481433,1355181,517723
Vietnam,VNM,2015,2938482,4420342,15592
Vietnam,VNM,2016,5433583,3300928,23666
Vietnam,VNM,2017,8906553,1391138,13619
Vietnam,VNM,2018,12532369,450299,11783
Vietnam,VNM,2019,14596463,191513,14404
Vietnam,VNM,2020,16611978,65205,22066
Vietnam,VNM,2021,19249496,69543,9153
Vietnam,VNM,2022,21258478,31148,10274
Vietnam,VNM,2023,22721016,36084,3446
Vietnam,VNM,2024,23928496,14945,5719
Wallis and Futuna,WLF,2022,13,85,1520
Wallis and Futuna,WLF,2023,56,359,1210
Yemen,YEM,2017,0,,
Yemen,YEM,2021,1043,264062,139207
Yemen,YEM,2022,52187,339190,93787
Zambia,ZMB,2011,21,47,6263
Zambia,ZMB,2012,39,170,10838
Zambia,ZMB,2013,28,59,13360
Zambia,ZMB,2014,82,216,20223
Zambia,ZMB,2015,847,1133,21410
Zambia,ZMB,2016,764,12831,18189
Zambia,ZMB,2017,774,16386,18752
Zambia,ZMB,2018,2883,41395,27950
Zambia,ZMB,2019,302,63506,25084
Zambia,ZMB,2020,329,63779,18209
Zambia,ZMB,2021,2150,59894,18548
Zambia,ZMB,2022,2809,64205,19432
Zambia,ZMB,2023,7485,107207,26519
Zambia,ZMB,2024,19588,94169,54588
Zimbabwe,ZWE,2012,,2897,68548
Zimbabwe,ZWE,2013,947,5674,96853
Zimbabwe,ZWE,2014,1124,12245,138865
Zimbabwe,ZWE,2015,1781,13083,149123
Zimbabwe,ZWE,2016,1876,14151,154811
Zimbabwe,ZWE,2017,6926,33947,146437
Zimbabwe,ZWE,2018,10379,52682,139995
Zimbabwe,ZWE,2019,12876,59028,132520
Zimbabwe,ZWE,2020,16476,61893,125092
Zimbabwe,ZWE,2021,22583,82456,100294
Zimbabwe,ZWE,2022,34108,108077,118375
Zimbabwe,ZWE,2023,34928,106274,116097
Zimbabwe,ZWE,2024,45946,172127,104410